pipeline,dataset,signal,iteration,tp,fp,fn
M2AD,MSL,C-1,1,2,0,0
M2AD,MSL,C-1,2,2,0,0
M2AD,MSL,C-1,3,2,0,0
M2AD,MSL,C-1,4,2,0,0
M2AD,MSL,C-1,5,2,0,0
M2AD,MSL,C-2,1,2,0,0
M2AD,MSL,C-2,2,2,0,0
M2AD,MSL,C-2,3,2,0,0
M2AD,MSL,C-2,4,2,0,0
M2AD,MSL,C-2,5,2,0,0
M2AD,MSL,D-14,1,2,0,0
M2AD,MSL,D-14,2,2,1,0
M2AD,MSL,D-14,3,2,0,0
M2AD,MSL,D-14,4,2,0,0
M2AD,MSL,D-14,5,2,0,0
M2AD,MSL,D-15,1,1,1,0
M2AD,MSL,D-15,2,1,1,0
M2AD,MSL,D-15,3,1,1,0
M2AD,MSL,D-15,4,1,1,0
M2AD,MSL,D-15,5,1,1,0
M2AD,MSL,D-16,1,0,0,1
M2AD,MSL,D-16,2,0,0,1
M2AD,MSL,D-16,3,0,0,1
M2AD,MSL,D-16,4,0,0,1
M2AD,MSL,D-16,5,0,0,1
M2AD,MSL,F-4,1,0,0,1
M2AD,MSL,F-4,2,0,0,1
M2AD,MSL,F-4,3,0,0,1
M2AD,MSL,F-4,4,0,0,1
M2AD,MSL,F-4,5,0,0,1
M2AD,MSL,F-5,1,1,0,0
M2AD,MSL,F-5,2,1,0,0
M2AD,MSL,F-5,3,1,0,0
M2AD,MSL,F-5,4,1,0,0
M2AD,MSL,F-5,5,1,0,0
M2AD,MSL,F-7,1,3,2,0
M2AD,MSL,F-7,2,3,1,0
M2AD,MSL,F-7,3,3,1,0
M2AD,MSL,F-7,4,3,2,0
M2AD,MSL,F-7,5,3,1,0
M2AD,MSL,F-8,1,1,1,0
M2AD,MSL,F-8,2,1,1,0
M2AD,MSL,F-8,3,1,0,0
M2AD,MSL,F-8,4,1,0,0
M2AD,MSL,F-8,5,1,1,0
M2AD,MSL,M-1,1,1,0,0
M2AD,MSL,M-1,2,1,0,0
M2AD,MSL,M-1,3,1,0,0
M2AD,MSL,M-1,4,1,0,0
M2AD,MSL,M-1,5,1,0,0
M2AD,MSL,M-2,1,1,0,0
M2AD,MSL,M-2,2,1,0,0
M2AD,MSL,M-2,3,1,0,0
M2AD,MSL,M-2,4,1,0,0
M2AD,MSL,M-2,5,1,0,0
M2AD,MSL,M-3,1,0,1,1
M2AD,MSL,M-3,2,0,2,1
M2AD,MSL,M-3,3,0,0,1
M2AD,MSL,M-3,4,1,1,0
M2AD,MSL,M-3,5,1,0,0
M2AD,MSL,M-4,1,0,1,1
M2AD,MSL,M-4,2,0,1,1
M2AD,MSL,M-4,3,1,1,0
M2AD,MSL,M-4,4,0,1,1
M2AD,MSL,M-4,5,1,1,0
M2AD,MSL,M-5,1,0,0,1
M2AD,MSL,M-5,2,0,0,1
M2AD,MSL,M-5,3,0,0,1
M2AD,MSL,M-5,4,0,1,1
M2AD,MSL,M-5,5,0,0,1
M2AD,MSL,M-6,1,1,0,0
M2AD,MSL,M-6,2,1,0,0
M2AD,MSL,M-6,3,1,0,0
M2AD,MSL,M-6,4,1,0,0
M2AD,MSL,M-6,5,1,0,0
M2AD,MSL,M-7,1,1,1,0
M2AD,MSL,M-7,2,1,0,0
M2AD,MSL,M-7,3,1,0,0
M2AD,MSL,M-7,4,1,0,0
M2AD,MSL,M-7,5,1,0,0
M2AD,MSL,P-10,1,1,0,0
M2AD,MSL,P-10,2,1,0,0
M2AD,MSL,P-10,3,1,0,0
M2AD,MSL,P-10,4,1,0,0
M2AD,MSL,P-10,5,1,0,0
M2AD,MSL,P-11,1,0,0,2
M2AD,MSL,P-11,2,0,0,2
M2AD,MSL,P-11,3,0,0,2
M2AD,MSL,P-11,4,0,0,2
M2AD,MSL,P-11,5,0,0,2
M2AD,MSL,P-14,1,1,0,0
M2AD,MSL,P-14,2,1,0,0
M2AD,MSL,P-14,3,1,0,0
M2AD,MSL,P-14,4,1,0,0
M2AD,MSL,P-14,5,1,0,0
M2AD,MSL,P-15,1,1,0,0
M2AD,MSL,P-15,2,1,0,0
M2AD,MSL,P-15,3,1,0,0
M2AD,MSL,P-15,4,1,0,0
M2AD,MSL,P-15,5,1,1,0
M2AD,MSL,S-2,1,1,0,0
M2AD,MSL,S-2,2,1,0,0
M2AD,MSL,S-2,3,1,0,0
M2AD,MSL,S-2,4,1,0,0
M2AD,MSL,S-2,5,1,0,0
M2AD,MSL,T-12,1,1,0,0
M2AD,MSL,T-12,2,1,0,0
M2AD,MSL,T-12,3,1,0,0
M2AD,MSL,T-12,4,1,0,0
M2AD,MSL,T-12,5,1,0,0
M2AD,MSL,T-13,1,0,1,2
M2AD,MSL,T-13,2,0,1,2
M2AD,MSL,T-13,3,0,0,2
M2AD,MSL,T-13,4,0,0,2
M2AD,MSL,T-13,5,0,1,2
M2AD,MSL,T-4,1,0,2,1
M2AD,MSL,T-4,2,0,1,1
M2AD,MSL,T-4,3,0,1,1
M2AD,MSL,T-4,4,0,1,1
M2AD,MSL,T-4,5,0,1,1
M2AD,MSL,T-5,1,1,0,0
M2AD,MSL,T-5,2,1,0,0
M2AD,MSL,T-5,3,1,1,0
M2AD,MSL,T-5,4,1,1,0
M2AD,MSL,T-5,5,1,0,0
M2AD,MSL,T-8,1,2,1,0
M2AD,MSL,T-8,2,2,1,0
M2AD,MSL,T-8,3,2,1,0
M2AD,MSL,T-8,4,2,1,0
M2AD,MSL,T-8,5,2,1,0
M2AD,MSL,T-9,1,2,0,0
M2AD,MSL,T-9,2,2,0,0
M2AD,MSL,T-9,3,2,0,0
M2AD,MSL,T-9,4,2,0,0
M2AD,MSL,T-9,5,2,0,0
M2AD,SMAP,A-1,1,1,0,0
M2AD,SMAP,A-1,2,1,0,0
M2AD,SMAP,A-1,3,1,0,0
M2AD,SMAP,A-1,4,1,0,0
M2AD,SMAP,A-1,5,1,0,0
M2AD,SMAP,A-2,1,1,1,0
M2AD,SMAP,A-2,2,1,1,0
M2AD,SMAP,A-2,3,1,1,0
M2AD,SMAP,A-2,4,1,1,0
M2AD,SMAP,A-2,5,1,2,0
M2AD,SMAP,A-3,1,1,0,0
M2AD,SMAP,A-3,2,1,0,0
M2AD,SMAP,A-3,3,1,0,0
M2AD,SMAP,A-3,4,1,0,0
M2AD,SMAP,A-3,5,1,0,0
M2AD,SMAP,A-4,1,1,1,0
M2AD,SMAP,A-4,2,1,1,0
M2AD,SMAP,A-4,3,1,1,0
M2AD,SMAP,A-4,4,1,1,0
M2AD,SMAP,A-4,5,1,1,0
M2AD,SMAP,A-5,1,1,0,0
M2AD,SMAP,A-5,2,1,0,0
M2AD,SMAP,A-5,3,1,0,0
M2AD,SMAP,A-5,4,1,0,0
M2AD,SMAP,A-5,5,1,0,0
M2AD,SMAP,A-6,1,0,0,1
M2AD,SMAP,A-6,2,0,0,1
M2AD,SMAP,A-6,3,0,0,1
M2AD,SMAP,A-6,4,0,0,1
M2AD,SMAP,A-6,5,0,0,1
M2AD,SMAP,A-7,1,1,1,0
M2AD,SMAP,A-7,2,1,2,0
M2AD,SMAP,A-7,3,1,1,0
M2AD,SMAP,A-7,4,1,1,0
M2AD,SMAP,A-7,5,1,1,0
M2AD,SMAP,A-8,1,0,0,1
M2AD,SMAP,A-8,2,0,0,1
M2AD,SMAP,A-8,3,0,0,1
M2AD,SMAP,A-8,4,1,1,0
M2AD,SMAP,A-8,5,0,0,1
M2AD,SMAP,A-9,1,1,0,0
M2AD,SMAP,A-9,2,0,0,1
M2AD,SMAP,A-9,3,0,0,1
M2AD,SMAP,A-9,4,0,0,1
M2AD,SMAP,A-9,5,0,0,1
M2AD,SMAP,B-1,1,1,1,0
M2AD,SMAP,B-1,2,1,0,0
M2AD,SMAP,B-1,3,1,0,0
M2AD,SMAP,B-1,4,1,1,0
M2AD,SMAP,B-1,5,1,0,0
M2AD,SMAP,D-1,1,1,0,0
M2AD,SMAP,D-1,2,1,0,0
M2AD,SMAP,D-1,3,1,0,0
M2AD,SMAP,D-1,4,1,0,0
M2AD,SMAP,D-1,5,1,0,0
M2AD,SMAP,D-11,1,1,0,0
M2AD,SMAP,D-11,2,1,0,0
M2AD,SMAP,D-11,3,1,0,0
M2AD,SMAP,D-11,4,1,0,0
M2AD,SMAP,D-11,5,1,0,0
M2AD,SMAP,D-12,1,0,0,1
M2AD,SMAP,D-12,2,0,0,1
M2AD,SMAP,D-12,3,0,0,1
M2AD,SMAP,D-12,4,0,0,1
M2AD,SMAP,D-12,5,0,0,1
M2AD,SMAP,D-13,1,0,0,1
M2AD,SMAP,D-13,2,0,0,1
M2AD,SMAP,D-13,3,0,0,1
M2AD,SMAP,D-13,4,0,0,1
M2AD,SMAP,D-13,5,0,0,1
M2AD,SMAP,D-2,1,1,1,0
M2AD,SMAP,D-2,2,1,2,0
M2AD,SMAP,D-2,3,1,2,0
M2AD,SMAP,D-2,4,1,2,0
M2AD,SMAP,D-2,5,1,3,0
M2AD,SMAP,D-3,1,0,0,1
M2AD,SMAP,D-3,2,0,0,1
M2AD,SMAP,D-3,3,0,0,1
M2AD,SMAP,D-3,4,0,0,1
M2AD,SMAP,D-3,5,0,0,1
M2AD,SMAP,D-4,1,0,0,1
M2AD,SMAP,D-4,2,0,0,1
M2AD,SMAP,D-4,3,0,0,1
M2AD,SMAP,D-4,4,0,0,1
M2AD,SMAP,D-4,5,0,0,1
M2AD,SMAP,D-5,1,1,4,0
M2AD,SMAP,D-5,2,1,4,0
M2AD,SMAP,D-5,3,1,5,0
M2AD,SMAP,D-5,4,1,0,0
M2AD,SMAP,D-5,5,1,4,0
M2AD,SMAP,D-6,1,1,0,0
M2AD,SMAP,D-6,2,1,0,0
M2AD,SMAP,D-6,3,1,6,0
M2AD,SMAP,D-6,4,1,1,0
M2AD,SMAP,D-6,5,1,0,0
M2AD,SMAP,D-7,1,1,4,0
M2AD,SMAP,D-7,2,1,4,0
M2AD,SMAP,D-7,3,1,3,0
M2AD,SMAP,D-7,4,1,3,0
M2AD,SMAP,D-7,5,1,4,0
M2AD,SMAP,D-8,1,1,1,0
M2AD,SMAP,D-8,2,1,1,0
M2AD,SMAP,D-8,3,1,1,0
M2AD,SMAP,D-8,4,1,1,0
M2AD,SMAP,D-8,5,1,1,0
M2AD,SMAP,D-9,1,1,1,0
M2AD,SMAP,D-9,2,1,1,0
M2AD,SMAP,D-9,3,1,1,0
M2AD,SMAP,D-9,4,1,1,0
M2AD,SMAP,D-9,5,1,0,0
M2AD,SMAP,E-1,1,2,0,0
M2AD,SMAP,E-1,2,2,1,0
M2AD,SMAP,E-1,3,2,0,0
M2AD,SMAP,E-1,4,2,2,0
M2AD,SMAP,E-1,5,2,0,0
M2AD,SMAP,E-10,1,2,0,0
M2AD,SMAP,E-10,2,2,0,0
M2AD,SMAP,E-10,3,2,0,0
M2AD,SMAP,E-10,4,2,2,0
M2AD,SMAP,E-10,5,2,0,0
M2AD,SMAP,E-11,1,2,4,0
M2AD,SMAP,E-11,2,2,1,0
M2AD,SMAP,E-11,3,2,3,0
M2AD,SMAP,E-11,4,2,2,0
M2AD,SMAP,E-11,5,2,3,0
M2AD,SMAP,E-12,1,2,0,0
M2AD,SMAP,E-12,2,2,0,0
M2AD,SMAP,E-12,3,2,0,0
M2AD,SMAP,E-12,4,2,1,0
M2AD,SMAP,E-12,5,2,0,0
M2AD,SMAP,E-13,1,3,3,0
M2AD,SMAP,E-13,2,3,3,0
M2AD,SMAP,E-13,3,3,3,0
M2AD,SMAP,E-13,4,3,4,0
M2AD,SMAP,E-13,5,2,3,1
M2AD,SMAP,E-2,1,1,0,0
M2AD,SMAP,E-2,2,1,0,0
M2AD,SMAP,E-2,3,1,0,0
M2AD,SMAP,E-2,4,1,0,0
M2AD,SMAP,E-2,5,1,0,0
M2AD,SMAP,E-3,1,1,2,0
M2AD,SMAP,E-3,2,1,0,0
M2AD,SMAP,E-3,3,1,1,0
M2AD,SMAP,E-3,4,1,1,0
M2AD,SMAP,E-3,5,1,1,0
M2AD,SMAP,E-4,1,1,0,0
M2AD,SMAP,E-4,2,1,0,0
M2AD,SMAP,E-4,3,1,0,0
M2AD,SMAP,E-4,4,1,0,0
M2AD,SMAP,E-4,5,1,0,0
M2AD,SMAP,E-5,1,1,0,0
M2AD,SMAP,E-5,2,1,0,0
M2AD,SMAP,E-5,3,1,0,0
M2AD,SMAP,E-5,4,1,0,0
M2AD,SMAP,E-5,5,1,0,0
M2AD,SMAP,E-6,1,1,0,0
M2AD,SMAP,E-6,2,1,0,0
M2AD,SMAP,E-6,3,1,0,0
M2AD,SMAP,E-6,4,1,0,0
M2AD,SMAP,E-6,5,1,0,0
M2AD,SMAP,E-7,1,1,0,0
M2AD,SMAP,E-7,2,1,0,0
M2AD,SMAP,E-7,3,1,0,0
M2AD,SMAP,E-7,4,1,0,0
M2AD,SMAP,E-7,5,1,0,0
M2AD,SMAP,E-8,1,1,0,0
M2AD,SMAP,E-8,2,1,0,0
M2AD,SMAP,E-8,3,1,0,0
M2AD,SMAP,E-8,4,1,0,0
M2AD,SMAP,E-8,5,1,0,0
M2AD,SMAP,E-9,1,1,0,0
M2AD,SMAP,E-9,2,1,0,0
M2AD,SMAP,E-9,3,1,0,0
M2AD,SMAP,E-9,4,1,0,0
M2AD,SMAP,E-9,5,1,0,0
M2AD,SMAP,F-1,1,1,0,0
M2AD,SMAP,F-1,2,1,0,0
M2AD,SMAP,F-1,3,1,0,0
M2AD,SMAP,F-1,4,1,0,0
M2AD,SMAP,F-1,5,1,0,0
M2AD,SMAP,F-2,1,1,1,0
M2AD,SMAP,F-2,2,1,0,0
M2AD,SMAP,F-2,3,1,4,0
M2AD,SMAP,F-2,4,1,0,0
M2AD,SMAP,F-2,5,1,0,0
M2AD,SMAP,F-3,1,0,0,1
M2AD,SMAP,F-3,2,0,0,1
M2AD,SMAP,F-3,3,0,0,1
M2AD,SMAP,F-3,4,0,0,1
M2AD,SMAP,F-3,5,0,0,1
M2AD,SMAP,G-1,1,0,0,1
M2AD,SMAP,G-1,2,0,0,1
M2AD,SMAP,G-1,3,0,0,1
M2AD,SMAP,G-1,4,0,0,1
M2AD,SMAP,G-1,5,1,1,0
M2AD,SMAP,G-2,1,1,4,0
M2AD,SMAP,G-2,2,1,4,0
M2AD,SMAP,G-2,3,1,6,0
M2AD,SMAP,G-2,4,1,4,0
M2AD,SMAP,G-2,5,1,2,0
M2AD,SMAP,G-3,1,0,0,1
M2AD,SMAP,G-3,2,0,0,1
M2AD,SMAP,G-3,3,0,0,1
M2AD,SMAP,G-3,4,0,0,1
M2AD,SMAP,G-3,5,0,0,1
M2AD,SMAP,G-4,1,1,0,0
M2AD,SMAP,G-4,2,1,0,0
M2AD,SMAP,G-4,3,1,0,0
M2AD,SMAP,G-4,4,1,0,0
M2AD,SMAP,G-4,5,1,0,0
M2AD,SMAP,G-6,1,1,0,0
M2AD,SMAP,G-6,2,1,1,0
M2AD,SMAP,G-6,3,1,0,0
M2AD,SMAP,G-6,4,1,0,0
M2AD,SMAP,G-6,5,1,0,0
M2AD,SMAP,G-7,1,3,0,0
M2AD,SMAP,G-7,2,3,0,0
M2AD,SMAP,G-7,3,3,0,0
M2AD,SMAP,G-7,4,3,0,0
M2AD,SMAP,G-7,5,3,0,0
M2AD,SMAP,P-1,1,3,1,0
M2AD,SMAP,P-1,2,2,1,1
M2AD,SMAP,P-1,3,2,1,1
M2AD,SMAP,P-1,4,2,2,1
M2AD,SMAP,P-1,5,2,3,1
M2AD,SMAP,P-2,1,2,0,0
M2AD,SMAP,P-2,2,2,0,0
M2AD,SMAP,P-2,3,2,0,0
M2AD,SMAP,P-2,4,2,0,0
M2AD,SMAP,P-2,5,2,0,0
M2AD,SMAP,P-3,1,1,0,0
M2AD,SMAP,P-3,2,1,0,0
M2AD,SMAP,P-3,3,1,0,0
M2AD,SMAP,P-3,4,1,0,0
M2AD,SMAP,P-3,5,1,0,0
M2AD,SMAP,P-4,1,3,0,0
M2AD,SMAP,P-4,2,3,0,0
M2AD,SMAP,P-4,3,3,0,0
M2AD,SMAP,P-4,4,3,0,0
M2AD,SMAP,P-4,5,3,1,0
M2AD,SMAP,P-7,1,1,4,0
M2AD,SMAP,P-7,2,1,3,0
M2AD,SMAP,P-7,3,1,3,0
M2AD,SMAP,P-7,4,1,2,0
M2AD,SMAP,P-7,5,1,2,0
M2AD,SMAP,R-1,1,1,0,0
M2AD,SMAP,R-1,2,1,0,0
M2AD,SMAP,R-1,3,1,0,0
M2AD,SMAP,R-1,4,1,0,0
M2AD,SMAP,R-1,5,1,0,0
M2AD,SMAP,S-1,1,1,0,0
M2AD,SMAP,S-1,2,1,0,0
M2AD,SMAP,S-1,3,1,0,0
M2AD,SMAP,S-1,4,1,0,0
M2AD,SMAP,S-1,5,1,0,0
M2AD,SMAP,T-1,1,2,2,0
M2AD,SMAP,T-1,2,2,0,0
M2AD,SMAP,T-1,3,2,0,0
M2AD,SMAP,T-1,4,2,0,0
M2AD,SMAP,T-1,5,2,0,0
M2AD,SMAP,T-2,1,1,0,0
M2AD,SMAP,T-2,2,1,0,0
M2AD,SMAP,T-2,3,1,0,0
M2AD,SMAP,T-2,4,1,0,0
M2AD,SMAP,T-2,5,1,0,0
M2AD,SMAP,T-3,1,2,0,0
M2AD,SMAP,T-3,2,2,0,0
M2AD,SMAP,T-3,3,2,0,0
M2AD,SMAP,T-3,4,2,0,0
M2AD,SMAP,T-3,5,2,0,0
M2AD,SMD,machine-1-1,1,8,0,0
M2AD,SMD,machine-1-1,2,8,0,0
M2AD,SMD,machine-1-1,3,8,0,0
M2AD,SMD,machine-1-1,4,8,10,0
M2AD,SMD,machine-1-1,5,8,0,0
M2AD,SMD,machine-1-2,1,7,5,3
M2AD,SMD,machine-1-2,2,8,6,2
M2AD,SMD,machine-1-2,3,7,5,3
M2AD,SMD,machine-1-2,4,8,6,2
M2AD,SMD,machine-1-2,5,8,6,2
M2AD,SMD,machine-1-3,1,4,0,8
M2AD,SMD,machine-1-3,2,1,0,11
M2AD,SMD,machine-1-3,3,2,0,10
M2AD,SMD,machine-1-3,4,3,0,9
M2AD,SMD,machine-1-3,5,1,0,11
M2AD,SMD,machine-1-4,1,2,0,10
M2AD,SMD,machine-1-4,2,2,0,10
M2AD,SMD,machine-1-4,3,2,0,10
M2AD,SMD,machine-1-4,4,2,0,10
M2AD,SMD,machine-1-4,5,2,0,10
M2AD,SMD,machine-1-5,1,7,0,0
M2AD,SMD,machine-1-5,2,7,0,0
M2AD,SMD,machine-1-5,3,7,0,0
M2AD,SMD,machine-1-5,4,7,0,0
M2AD,SMD,machine-1-5,5,7,0,0
M2AD,SMD,machine-1-6,1,29,0,1
M2AD,SMD,machine-1-6,2,30,0,0
M2AD,SMD,machine-1-6,3,29,0,1
M2AD,SMD,machine-1-6,4,29,0,1
M2AD,SMD,machine-1-6,5,29,0,1
M2AD,SMD,machine-1-7,1,12,1,1
M2AD,SMD,machine-1-7,2,12,1,1
M2AD,SMD,machine-1-7,3,12,1,1
M2AD,SMD,machine-1-7,4,10,0,3
M2AD,SMD,machine-1-7,5,11,1,2
M2AD,SMD,machine-1-8,1,20,0,0
M2AD,SMD,machine-1-8,2,20,0,0
M2AD,SMD,machine-1-8,3,20,0,0
M2AD,SMD,machine-1-8,4,20,0,0
M2AD,SMD,machine-1-8,5,20,0,0
M2AD,SMD,machine-2-1,1,13,0,0
M2AD,SMD,machine-2-1,2,13,0,0
M2AD,SMD,machine-2-1,3,13,2,0
M2AD,SMD,machine-2-1,4,13,1,0
M2AD,SMD,machine-2-1,5,13,1,0
M2AD,SMD,machine-2-2,1,11,0,0
M2AD,SMD,machine-2-2,2,11,0,0
M2AD,SMD,machine-2-2,3,11,0,0
M2AD,SMD,machine-2-2,4,11,0,0
M2AD,SMD,machine-2-2,5,11,0,0
M2AD,SMD,machine-2-3,1,5,8,5
M2AD,SMD,machine-2-3,2,6,8,4
M2AD,SMD,machine-2-3,3,5,8,5
M2AD,SMD,machine-2-3,4,5,8,5
M2AD,SMD,machine-2-3,5,5,8,5
M2AD,SMD,machine-2-4,1,20,0,0
M2AD,SMD,machine-2-4,2,20,0,0
M2AD,SMD,machine-2-4,3,20,0,0
M2AD,SMD,machine-2-4,4,20,0,0
M2AD,SMD,machine-2-4,5,20,0,0
M2AD,SMD,machine-2-5,1,21,0,0
M2AD,SMD,machine-2-5,2,21,1,0
M2AD,SMD,machine-2-5,3,21,0,0
M2AD,SMD,machine-2-5,4,21,1,0
M2AD,SMD,machine-2-5,5,21,0,0
M2AD,SMD,machine-2-6,1,8,0,0
M2AD,SMD,machine-2-6,2,8,0,0
M2AD,SMD,machine-2-6,3,8,0,0
M2AD,SMD,machine-2-6,4,8,0,0
M2AD,SMD,machine-2-6,5,8,0,0
M2AD,SMD,machine-2-7,1,20,0,0
M2AD,SMD,machine-2-7,2,20,0,0
M2AD,SMD,machine-2-7,3,20,0,0
M2AD,SMD,machine-2-7,4,20,0,0
M2AD,SMD,machine-2-7,5,20,0,0
M2AD,SMD,machine-2-8,1,1,11,0
M2AD,SMD,machine-2-8,2,1,16,0
M2AD,SMD,machine-2-8,3,1,16,0
M2AD,SMD,machine-2-8,4,1,14,0
M2AD,SMD,machine-2-8,5,1,12,0
M2AD,SMD,machine-2-9,1,10,0,0
M2AD,SMD,machine-2-9,2,10,0,0
M2AD,SMD,machine-2-9,3,10,3,0
M2AD,SMD,machine-2-9,4,10,0,0
M2AD,SMD,machine-2-9,5,10,6,0
M2AD,SMD,machine-3-1,1,4,0,0
M2AD,SMD,machine-3-1,2,4,0,0
M2AD,SMD,machine-3-1,3,4,0,0
M2AD,SMD,machine-3-1,4,4,0,0
M2AD,SMD,machine-3-1,5,4,0,0
M2AD,SMD,machine-3-10,1,13,0,0
M2AD,SMD,machine-3-10,2,13,0,0
M2AD,SMD,machine-3-10,3,13,0,0
M2AD,SMD,machine-3-10,4,13,0,0
M2AD,SMD,machine-3-10,5,13,0,0
M2AD,SMD,machine-3-11,1,3,0,0
M2AD,SMD,machine-3-11,2,3,0,0
M2AD,SMD,machine-3-11,3,3,0,0
M2AD,SMD,machine-3-11,4,3,0,0
M2AD,SMD,machine-3-11,5,3,0,0
M2AD,SMD,machine-3-2,1,10,0,0
M2AD,SMD,machine-3-2,2,10,0,0
M2AD,SMD,machine-3-2,3,10,0,0
M2AD,SMD,machine-3-2,4,10,0,0
M2AD,SMD,machine-3-2,5,10,0,0
M2AD,SMD,machine-3-3,1,26,0,0
M2AD,SMD,machine-3-3,2,26,0,0
M2AD,SMD,machine-3-3,3,26,0,0
M2AD,SMD,machine-3-3,4,26,0,0
M2AD,SMD,machine-3-3,5,26,0,0
M2AD,SMD,machine-3-4,1,8,0,0
M2AD,SMD,machine-3-4,2,8,0,0
M2AD,SMD,machine-3-4,3,8,0,0
M2AD,SMD,machine-3-4,4,8,0,0
M2AD,SMD,machine-3-4,5,8,0,0
M2AD,SMD,machine-3-5,1,11,1,0
M2AD,SMD,machine-3-5,2,11,0,0
M2AD,SMD,machine-3-5,3,11,0,0
M2AD,SMD,machine-3-5,4,11,0,0
M2AD,SMD,machine-3-5,5,11,0,0
M2AD,SMD,machine-3-6,1,11,0,0
M2AD,SMD,machine-3-6,2,11,0,0
M2AD,SMD,machine-3-6,3,11,0,0
M2AD,SMD,machine-3-6,4,11,0,0
M2AD,SMD,machine-3-6,5,11,0,0
M2AD,SMD,machine-3-7,1,5,0,0
M2AD,SMD,machine-3-7,2,5,0,0
M2AD,SMD,machine-3-7,3,5,0,0
M2AD,SMD,machine-3-7,4,5,0,0
M2AD,SMD,machine-3-7,5,5,5,0
M2AD,SMD,machine-3-8,1,6,0,0
M2AD,SMD,machine-3-8,2,6,0,0
M2AD,SMD,machine-3-8,3,6,0,0
M2AD,SMD,machine-3-8,4,6,0,0
M2AD,SMD,machine-3-8,5,6,0,0
M2AD,SMD,machine-3-9,1,4,0,0
M2AD,SMD,machine-3-9,2,4,0,0
M2AD,SMD,machine-3-9,3,4,0,0
M2AD,SMD,machine-3-9,4,4,0,0
M2AD,SMD,machine-3-9,5,4,0,0
OA,MSL,allsignals,1,34,42,2
OA,MSL,allsignals,2,33,48,3
OA,MSL,allsignals,3,34,42,2
OA,MSL,allsignals,4,31,79,5
OA,MSL,allsignals,5,34,42,2
OA,SMAP,allsignals,1,41,20,26
OA,SMAP,allsignals,2,40,29,27
OA,SMAP,allsignals,3,40,50,27
OA,SMAP,allsignals,4,40,31,27
OA,SMAP,allsignals,5,41,37,26
OA,SMD,,1,10,11,0
OA,SMD,,1,10,0,0
OA,SMD,,1,13,7,0
OA,SMD,,1,21,21,0
OA,SMD,,1,4,17,0
OA,SMD,,1,10,14,0
OA,SMD,,1,28,4,2
OA,SMD,,1,2,7,11
OA,SMD,,1,10,16,0
OA,SMD,,1,8,13,0
OA,SMD,,1,11,26,0
OA,SMD,,1,10,11,1
OA,SMD,,1,3,27,0
OA,SMD,,1,1,10,0
OA,SMD,,1,3,24,1
OA,SMD,,1,6,36,0
OA,SMD,,1,25,12,1
OA,SMD,,1,20,10,0
OA,SMD,,1,20,18,0
OA,SMD,,1,5,10,3
OA,SMD,,1,20,16,0
OA,SMD,,1,9,3,4
OA,SMD,,1,5,38,0
OA,SMD,,1,11,9,0
OA,SMD,,1,11,8,1
OA,SMD,,1,7,20,0
OA,SMD,,1,7,24,1
OA,SMD,,1,11,14,1
OA,SMD,,2,10,12,0
OA,SMD,,2,10,0,0
OA,SMD,,2,13,4,0
OA,SMD,,2,21,19,0
OA,SMD,,2,4,13,0
OA,SMD,,2,10,14,0
OA,SMD,,2,29,3,1
OA,SMD,,2,4,6,9
OA,SMD,,2,10,24,0
OA,SMD,,2,8,18,0
OA,SMD,,2,11,22,0
OA,SMD,,2,10,8,1
OA,SMD,,2,3,23,0
OA,SMD,,2,1,18,0
OA,SMD,,2,3,33,1
OA,SMD,,2,6,27,0
OA,SMD,,2,26,14,0
OA,SMD,,2,20,8,0
OA,SMD,,2,20,20,0
OA,SMD,,2,5,9,3
OA,SMD,,2,20,13,0
OA,SMD,,2,6,3,7
OA,SMD,,2,5,37,0
OA,SMD,,2,11,13,0
OA,SMD,,2,10,7,2
OA,SMD,,2,7,14,0
OA,SMD,,2,8,25,0
OA,SMD,,2,11,14,1
OA,SMD,,3,10,17,0
OA,SMD,,3,10,0,0
OA,SMD,,3,13,4,0
OA,SMD,,3,21,19,0
OA,SMD,,3,4,17,0
OA,SMD,,3,10,15,0
OA,SMD,,3,29,4,1
OA,SMD,,3,9,6,4
OA,SMD,,3,10,12,0
OA,SMD,,3,7,10,1
OA,SMD,,3,10,23,1
OA,SMD,,3,11,20,0
OA,SMD,,3,3,36,0
OA,SMD,,3,1,6,0
OA,SMD,,3,3,20,1
OA,SMD,,3,6,26,0
OA,SMD,,3,25,14,1
OA,SMD,,3,20,11,0
OA,SMD,,3,20,16,0
OA,SMD,,3,5,11,3
OA,SMD,,3,20,15,0
OA,SMD,,3,4,1,9
OA,SMD,,3,5,33,0
OA,SMD,,3,11,11,0
OA,SMD,,3,10,7,2
OA,SMD,,3,7,20,0
OA,SMD,,3,8,20,0
OA,SMD,,3,10,13,2
USAD,MSL,C-1,1,2,0,0
USAD,MSL,C-1,2,2,0,0
USAD,MSL,C-1,3,2,0,0
USAD,MSL,C-1,4,2,0,0
USAD,MSL,C-1,5,2,0,0
USAD,MSL,C-2,1,1,1,1
USAD,MSL,C-2,2,1,1,1
USAD,MSL,C-2,3,1,1,1
USAD,MSL,C-2,4,2,0,0
USAD,MSL,C-2,5,2,1,0
USAD,MSL,D-14,1,1,3,1
USAD,MSL,D-14,2,1,3,1
USAD,MSL,D-14,3,2,0,0
USAD,MSL,D-14,4,2,0,0
USAD,MSL,D-14,5,2,0,0
USAD,MSL,D-15,1,1,1,0
USAD,MSL,D-15,2,1,1,0
USAD,MSL,D-15,3,1,1,0
USAD,MSL,D-15,4,1,1,0
USAD,MSL,D-15,5,1,1,0
USAD,MSL,D-16,1,1,0,0
USAD,MSL,D-16,2,1,0,0
USAD,MSL,D-16,3,1,0,0
USAD,MSL,D-16,4,1,0,0
USAD,MSL,D-16,5,1,0,0
USAD,MSL,F-4,1,1,1,0
USAD,MSL,F-4,2,1,1,0
USAD,MSL,F-4,3,1,0,0
USAD,MSL,F-4,4,1,0,0
USAD,MSL,F-4,5,1,0,0
USAD,MSL,F-5,1,1,1,0
USAD,MSL,F-5,2,1,1,0
USAD,MSL,F-5,3,1,1,0
USAD,MSL,F-5,4,1,1,0
USAD,MSL,F-5,5,1,1,0
USAD,MSL,F-7,1,3,2,0
USAD,MSL,F-7,2,3,2,0
USAD,MSL,F-7,3,3,0,0
USAD,MSL,F-7,4,3,0,0
USAD,MSL,F-7,5,3,0,0
USAD,MSL,F-8,1,1,2,0
USAD,MSL,F-8,2,1,2,0
USAD,MSL,F-8,3,1,0,0
USAD,MSL,F-8,4,1,0,0
USAD,MSL,F-8,5,1,0,0
USAD,MSL,M-1,1,0,1,1
USAD,MSL,M-1,2,0,1,1
USAD,MSL,M-1,3,0,1,1
USAD,MSL,M-1,4,0,1,1
USAD,MSL,M-1,5,0,1,1
USAD,MSL,M-2,1,1,1,0
USAD,MSL,M-2,2,1,1,0
USAD,MSL,M-2,3,1,0,0
USAD,MSL,M-2,4,1,0,0
USAD,MSL,M-2,5,1,0,0
USAD,MSL,M-3,1,1,1,0
USAD,MSL,M-3,2,1,1,0
USAD,MSL,M-3,3,1,1,0
USAD,MSL,M-3,4,1,1,0
USAD,MSL,M-3,5,1,1,0
USAD,MSL,M-4,1,1,1,0
USAD,MSL,M-4,2,1,1,0
USAD,MSL,M-4,3,1,1,0
USAD,MSL,M-4,4,1,1,0
USAD,MSL,M-4,5,1,1,0
USAD,MSL,M-5,1,1,3,0
USAD,MSL,M-5,2,1,3,0
USAD,MSL,M-5,3,1,0,0
USAD,MSL,M-5,4,1,0,0
USAD,MSL,M-5,5,1,0,0
USAD,MSL,M-6,1,1,0,0
USAD,MSL,M-6,2,1,0,0
USAD,MSL,M-6,3,1,0,0
USAD,MSL,M-6,4,1,0,0
USAD,MSL,M-6,5,1,0,0
USAD,MSL,M-7,1,1,0,0
USAD,MSL,M-7,2,1,0,0
USAD,MSL,M-7,3,1,0,0
USAD,MSL,M-7,4,1,0,0
USAD,MSL,M-7,5,1,0,0
USAD,MSL,P-10,1,1,1,0
USAD,MSL,P-10,2,1,1,0
USAD,MSL,P-10,3,1,0,0
USAD,MSL,P-10,4,1,0,0
USAD,MSL,P-10,5,1,0,0
USAD,MSL,P-11,1,2,2,0
USAD,MSL,P-11,2,2,2,0
USAD,MSL,P-11,3,2,2,0
USAD,MSL,P-11,4,2,2,0
USAD,MSL,P-11,5,2,2,0
USAD,MSL,P-14,1,1,1,0
USAD,MSL,P-14,2,1,1,0
USAD,MSL,P-14,3,1,0,0
USAD,MSL,P-14,4,1,0,0
USAD,MSL,P-14,5,1,0,0
USAD,MSL,P-15,1,0,2,1
USAD,MSL,P-15,2,0,2,1
USAD,MSL,P-15,3,0,3,1
USAD,MSL,P-15,4,0,3,1
USAD,MSL,P-15,5,0,3,1
USAD,MSL,S-2,1,1,1,0
USAD,MSL,S-2,2,1,1,0
USAD,MSL,S-2,3,1,0,0
USAD,MSL,S-2,4,1,0,0
USAD,MSL,S-2,5,1,0,0
USAD,MSL,T-12,1,1,4,0
USAD,MSL,T-12,2,1,4,0
USAD,MSL,T-12,3,1,3,0
USAD,MSL,T-12,4,1,3,0
USAD,MSL,T-12,5,1,3,0
USAD,MSL,T-13,1,0,2,2
USAD,MSL,T-13,2,0,2,2
USAD,MSL,T-13,3,0,2,2
USAD,MSL,T-13,4,0,2,2
USAD,MSL,T-13,5,0,2,2
USAD,MSL,T-4,1,1,1,0
USAD,MSL,T-4,2,1,1,0
USAD,MSL,T-4,3,1,0,0
USAD,MSL,T-4,4,1,0,0
USAD,MSL,T-4,5,1,0,0
USAD,MSL,T-5,1,1,0,0
USAD,MSL,T-5,2,1,0,0
USAD,MSL,T-5,3,1,0,0
USAD,MSL,T-5,4,1,0,0
USAD,MSL,T-5,5,1,0,0
USAD,MSL,T-8,1,2,0,0
USAD,MSL,T-8,2,2,0,0
USAD,MSL,T-8,3,2,0,0
USAD,MSL,T-8,4,2,0,0
USAD,MSL,T-8,5,2,0,0
USAD,MSL,T-9,1,2,0,0
USAD,MSL,T-9,2,2,1,0
USAD,MSL,T-9,3,2,0,0
USAD,MSL,T-9,4,2,0,0
USAD,MSL,T-9,5,2,0,0
USAD,SMAP,A-1,1,1,7,0
USAD,SMAP,A-1,2,1,7,0
USAD,SMAP,A-1,3,1,0,0
USAD,SMAP,A-1,4,1,0,0
USAD,SMAP,A-1,5,1,8,0
USAD,SMAP,A-2,1,1,2,0
USAD,SMAP,A-2,2,1,2,0
USAD,SMAP,A-2,3,1,0,0
USAD,SMAP,A-2,4,1,0,0
USAD,SMAP,A-2,5,1,0,0
USAD,SMAP,A-3,1,1,5,0
USAD,SMAP,A-3,2,1,5,0
USAD,SMAP,A-3,3,1,1,0
USAD,SMAP,A-3,4,1,0,0
USAD,SMAP,A-3,5,1,0,0
USAD,SMAP,A-4,1,1,4,0
USAD,SMAP,A-4,2,1,4,0
USAD,SMAP,A-4,3,1,0,0
USAD,SMAP,A-4,4,1,0,0
USAD,SMAP,A-4,5,1,0,0
USAD,SMAP,A-5,1,1,0,0
USAD,SMAP,A-5,2,1,0,0
USAD,SMAP,A-5,3,1,0,0
USAD,SMAP,A-5,4,1,0,0
USAD,SMAP,A-5,5,1,0,0
USAD,SMAP,A-6,1,1,0,0
USAD,SMAP,A-6,2,1,0,0
USAD,SMAP,A-6,3,1,0,0
USAD,SMAP,A-6,4,1,1,0
USAD,SMAP,A-6,5,1,1,0
USAD,SMAP,A-7,1,1,4,0
USAD,SMAP,A-7,2,1,4,0
USAD,SMAP,A-7,3,1,5,0
USAD,SMAP,A-7,4,1,5,0
USAD,SMAP,A-7,5,1,5,0
USAD,SMAP,A-8,1,1,1,0
USAD,SMAP,A-8,2,1,1,0
USAD,SMAP,A-8,3,1,2,0
USAD,SMAP,A-8,4,1,1,0
USAD,SMAP,A-8,5,1,1,0
USAD,SMAP,A-9,1,1,2,0
USAD,SMAP,A-9,2,1,1,0
USAD,SMAP,A-9,3,1,1,0
USAD,SMAP,A-9,4,1,1,0
USAD,SMAP,A-9,5,1,1,0
USAD,SMAP,B-1,1,1,1,0
USAD,SMAP,B-1,2,1,1,0
USAD,SMAP,B-1,3,0,1,1
USAD,SMAP,B-1,4,1,1,0
USAD,SMAP,B-1,5,1,1,0
USAD,SMAP,D-1,1,1,0,0
USAD,SMAP,D-1,2,1,0,0
USAD,SMAP,D-1,3,1,0,0
USAD,SMAP,D-1,4,1,0,0
USAD,SMAP,D-1,5,1,0,0
USAD,SMAP,D-11,1,0,1,1
USAD,SMAP,D-11,2,0,1,1
USAD,SMAP,D-11,3,0,2,1
USAD,SMAP,D-11,4,0,1,1
USAD,SMAP,D-11,5,0,1,1
USAD,SMAP,D-12,1,0,1,1
USAD,SMAP,D-12,2,0,1,1
USAD,SMAP,D-12,3,0,1,1
USAD,SMAP,D-12,4,1,1,0
USAD,SMAP,D-12,5,0,1,1
USAD,SMAP,D-13,1,0,1,1
USAD,SMAP,D-13,2,0,1,1
USAD,SMAP,D-13,3,0,1,1
USAD,SMAP,D-13,4,0,1,1
USAD,SMAP,D-13,5,0,1,1
USAD,SMAP,D-2,1,1,0,0
USAD,SMAP,D-2,2,1,0,0
USAD,SMAP,D-2,3,1,0,0
USAD,SMAP,D-2,4,1,0,0
USAD,SMAP,D-2,5,1,0,0
USAD,SMAP,D-3,1,1,1,0
USAD,SMAP,D-3,2,1,1,0
USAD,SMAP,D-3,3,1,0,0
USAD,SMAP,D-3,4,1,0,0
USAD,SMAP,D-3,5,1,0,0
USAD,SMAP,D-4,1,1,0,0
USAD,SMAP,D-4,2,1,0,0
USAD,SMAP,D-4,3,1,0,0
USAD,SMAP,D-4,4,1,0,0
USAD,SMAP,D-4,5,1,0,0
USAD,SMAP,D-5,1,1,3,0
USAD,SMAP,D-5,2,1,3,0
USAD,SMAP,D-5,3,1,1,0
USAD,SMAP,D-5,4,1,1,0
USAD,SMAP,D-5,5,1,1,0
USAD,SMAP,D-6,1,1,4,0
USAD,SMAP,D-6,2,1,4,0
USAD,SMAP,D-6,3,1,1,0
USAD,SMAP,D-6,4,1,1,0
USAD,SMAP,D-6,5,1,1,0
USAD,SMAP,D-7,1,1,3,0
USAD,SMAP,D-7,2,1,3,0
USAD,SMAP,D-7,3,1,0,0
USAD,SMAP,D-7,4,1,0,0
USAD,SMAP,D-7,5,1,0,0
USAD,SMAP,D-8,1,0,1,1
USAD,SMAP,D-8,2,0,1,1
USAD,SMAP,D-8,3,0,1,1
USAD,SMAP,D-8,4,0,1,1
USAD,SMAP,D-8,5,0,1,1
USAD,SMAP,D-9,1,1,1,0
USAD,SMAP,D-9,2,1,1,0
USAD,SMAP,D-9,3,1,1,0
USAD,SMAP,D-9,4,1,1,0
USAD,SMAP,D-9,5,1,1,0
USAD,SMAP,E-1,1,2,0,0
USAD,SMAP,E-1,2,2,0,0
USAD,SMAP,E-1,3,2,0,0
USAD,SMAP,E-1,4,2,0,0
USAD,SMAP,E-1,5,2,0,0
USAD,SMAP,E-10,1,2,1,0
USAD,SMAP,E-10,2,2,1,0
USAD,SMAP,E-10,3,2,0,0
USAD,SMAP,E-10,4,2,0,0
USAD,SMAP,E-10,5,2,0,0
USAD,SMAP,E-11,1,2,1,0
USAD,SMAP,E-11,2,2,1,0
USAD,SMAP,E-11,3,2,0,0
USAD,SMAP,E-11,4,2,0,0
USAD,SMAP,E-11,5,2,0,0
USAD,SMAP,E-12,1,2,1,0
USAD,SMAP,E-12,2,2,1,0
USAD,SMAP,E-12,3,2,0,0
USAD,SMAP,E-12,4,2,0,0
USAD,SMAP,E-12,5,2,0,0
USAD,SMAP,E-13,1,3,3,0
USAD,SMAP,E-13,2,3,3,0
USAD,SMAP,E-13,3,3,9,0
USAD,SMAP,E-13,4,3,2,0
USAD,SMAP,E-13,5,3,5,0
USAD,SMAP,E-2,1,1,2,0
USAD,SMAP,E-2,2,1,2,0
USAD,SMAP,E-2,3,1,0,0
USAD,SMAP,E-2,4,1,0,0
USAD,SMAP,E-2,5,1,0,0
USAD,SMAP,E-3,1,1,2,0
USAD,SMAP,E-3,2,1,2,0
USAD,SMAP,E-3,3,1,0,0
USAD,SMAP,E-3,4,1,0,0
USAD,SMAP,E-3,5,1,0,0
USAD,SMAP,E-4,1,1,1,0
USAD,SMAP,E-4,2,1,1,0
USAD,SMAP,E-4,3,1,0,0
USAD,SMAP,E-4,4,1,0,0
USAD,SMAP,E-4,5,1,0,0
USAD,SMAP,E-5,1,1,2,0
USAD,SMAP,E-5,2,1,1,0
USAD,SMAP,E-5,3,1,0,0
USAD,SMAP,E-5,4,1,0,0
USAD,SMAP,E-5,5,1,0,0
USAD,SMAP,E-6,1,1,1,0
USAD,SMAP,E-6,2,1,1,0
USAD,SMAP,E-6,3,1,0,0
USAD,SMAP,E-6,4,1,0,0
USAD,SMAP,E-6,5,1,0,0
USAD,SMAP,E-7,1,1,1,0
USAD,SMAP,E-7,2,1,1,0
USAD,SMAP,E-7,3,1,0,0
USAD,SMAP,E-7,4,1,0,0
USAD,SMAP,E-7,5,1,0,0
USAD,SMAP,E-8,1,1,1,0
USAD,SMAP,E-8,2,1,1,0
USAD,SMAP,E-8,3,1,0,0
USAD,SMAP,E-8,4,1,0,0
USAD,SMAP,E-8,5,1,0,0
USAD,SMAP,E-9,1,1,1,0
USAD,SMAP,E-9,2,1,1,0
USAD,SMAP,E-9,3,1,0,0
USAD,SMAP,E-9,4,1,0,0
USAD,SMAP,E-9,5,1,0,0
USAD,SMAP,F-1,1,0,1,1
USAD,SMAP,F-1,2,0,1,1
USAD,SMAP,F-1,3,0,1,1
USAD,SMAP,F-1,4,0,1,1
USAD,SMAP,F-1,5,0,1,1
USAD,SMAP,F-2,1,1,1,0
USAD,SMAP,F-2,2,1,1,0
USAD,SMAP,F-2,3,1,1,0
USAD,SMAP,F-2,4,1,1,0
USAD,SMAP,F-2,5,1,1,0
USAD,SMAP,F-3,1,1,3,0
USAD,SMAP,F-3,2,1,3,0
USAD,SMAP,F-3,3,1,0,0
USAD,SMAP,F-3,4,1,0,0
USAD,SMAP,F-3,5,1,0,0
USAD,SMAP,G-1,1,0,7,1
USAD,SMAP,G-1,2,1,5,0
USAD,SMAP,G-1,3,1,1,0
USAD,SMAP,G-1,4,1,1,0
USAD,SMAP,G-1,5,1,1,0
USAD,SMAP,G-2,1,1,2,0
USAD,SMAP,G-2,2,1,2,0
USAD,SMAP,G-2,3,1,0,0
USAD,SMAP,G-2,4,1,0,0
USAD,SMAP,G-2,5,1,0,0
USAD,SMAP,G-3,1,1,7,0
USAD,SMAP,G-3,2,1,5,0
USAD,SMAP,G-3,3,1,1,0
USAD,SMAP,G-3,4,1,1,0
USAD,SMAP,G-3,5,1,1,0
USAD,SMAP,G-4,1,1,6,0
USAD,SMAP,G-4,2,1,6,0
USAD,SMAP,G-4,3,1,2,0
USAD,SMAP,G-4,4,1,2,0
USAD,SMAP,G-4,5,1,1,0
USAD,SMAP,G-6,1,1,1,0
USAD,SMAP,G-6,2,1,1,0
USAD,SMAP,G-6,3,1,1,0
USAD,SMAP,G-6,4,1,1,0
USAD,SMAP,G-6,5,1,1,0
USAD,SMAP,G-7,1,3,1,0
USAD,SMAP,G-7,2,3,1,0
USAD,SMAP,G-7,3,3,2,0
USAD,SMAP,G-7,4,3,2,0
USAD,SMAP,G-7,5,3,2,0
USAD,SMAP,P-1,1,3,2,0
USAD,SMAP,P-1,2,3,2,0
USAD,SMAP,P-1,3,3,0,0
USAD,SMAP,P-1,4,3,0,0
USAD,SMAP,P-1,5,3,0,0
USAD,SMAP,P-2,1,2,0,0
USAD,SMAP,P-2,2,2,0,0
USAD,SMAP,P-2,3,2,0,0
USAD,SMAP,P-2,4,2,0,0
USAD,SMAP,P-2,5,2,0,0
USAD,SMAP,P-3,1,1,1,0
USAD,SMAP,P-3,2,1,1,0
USAD,SMAP,P-3,3,1,0,0
USAD,SMAP,P-3,4,1,0,0
USAD,SMAP,P-3,5,1,0,0
USAD,SMAP,P-4,1,1,0,2
USAD,SMAP,P-4,2,1,0,2
USAD,SMAP,P-4,3,1,0,2
USAD,SMAP,P-4,4,1,0,2
USAD,SMAP,P-4,5,1,0,2
USAD,SMAP,P-7,1,1,3,0
USAD,SMAP,P-7,2,1,3,0
USAD,SMAP,P-7,3,1,3,0
USAD,SMAP,P-7,4,1,3,0
USAD,SMAP,P-7,5,1,3,0
USAD,SMAP,R-1,1,1,1,0
USAD,SMAP,R-1,2,1,1,0
USAD,SMAP,R-1,3,1,1,0
USAD,SMAP,R-1,4,1,1,0
USAD,SMAP,R-1,5,1,2,0
USAD,SMAP,S-1,1,1,1,0
USAD,SMAP,S-1,2,1,1,0
USAD,SMAP,S-1,3,1,0,0
USAD,SMAP,S-1,4,1,0,0
USAD,SMAP,S-1,5,1,0,0
USAD,SMAP,T-1,1,2,0,0
USAD,SMAP,T-1,2,2,1,0
USAD,SMAP,T-1,3,2,0,0
USAD,SMAP,T-1,4,2,0,0
USAD,SMAP,T-1,5,2,0,0
USAD,SMAP,T-2,1,1,0,0
USAD,SMAP,T-2,2,1,0,0
USAD,SMAP,T-2,3,1,0,0
USAD,SMAP,T-2,4,1,0,0
USAD,SMAP,T-2,5,1,0,0
USAD,SMAP,T-3,1,2,4,0
USAD,SMAP,T-3,2,2,4,0
USAD,SMAP,T-3,3,2,0,0
USAD,SMAP,T-3,4,2,0,0
USAD,SMAP,T-3,5,2,0,0
USAD,SMD,machine-1-1,1,5,6,3
USAD,SMD,machine-1-1,2,5,6,3
USAD,SMD,machine-1-1,3,5,6,3
USAD,SMD,machine-1-1,4,5,6,3
USAD,SMD,machine-1-1,5,5,6,3
USAD,SMD,machine-1-2,1,9,8,1
USAD,SMD,machine-1-2,2,8,8,2
USAD,SMD,machine-1-2,3,9,8,1
USAD,SMD,machine-1-2,4,9,8,1
USAD,SMD,machine-1-2,5,9,8,1
USAD,SMD,machine-1-3,1,7,1,5
USAD,SMD,machine-1-3,2,6,2,6
USAD,SMD,machine-1-3,3,7,1,5
USAD,SMD,machine-1-3,4,6,2,6
USAD,SMD,machine-1-3,5,6,2,6
USAD,SMD,machine-1-4,1,7,4,5
USAD,SMD,machine-1-4,2,8,3,4
USAD,SMD,machine-1-4,3,7,4,5
USAD,SMD,machine-1-4,4,7,4,5
USAD,SMD,machine-1-4,5,7,4,5
USAD,SMD,machine-1-5,1,7,8,0
USAD,SMD,machine-1-5,2,7,7,0
USAD,SMD,machine-1-5,3,7,6,0
USAD,SMD,machine-1-5,4,7,6,0
USAD,SMD,machine-1-5,5,7,6,0
USAD,SMD,machine-1-6,1,2,0,28
USAD,SMD,machine-1-6,2,2,0,28
USAD,SMD,machine-1-6,3,2,0,28
USAD,SMD,machine-1-6,4,2,0,28
USAD,SMD,machine-1-6,5,2,0,28
USAD,SMD,machine-1-7,1,9,5,4
USAD,SMD,machine-1-7,2,9,5,4
USAD,SMD,machine-1-7,3,9,5,4
USAD,SMD,machine-1-7,4,9,5,4
USAD,SMD,machine-1-7,5,9,5,4
USAD,SMD,machine-1-8,1,15,2,5
USAD,SMD,machine-1-8,2,14,2,6
USAD,SMD,machine-1-8,3,14,2,6
USAD,SMD,machine-1-8,4,15,2,5
USAD,SMD,machine-1-8,5,15,2,5
USAD,SMD,machine-2-1,1,11,4,2
USAD,SMD,machine-2-1,2,10,4,3
USAD,SMD,machine-2-1,3,10,3,3
USAD,SMD,machine-2-1,4,11,4,2
USAD,SMD,machine-2-1,5,10,4,3
USAD,SMD,machine-2-2,1,10,7,1
USAD,SMD,machine-2-2,2,10,7,1
USAD,SMD,machine-2-2,3,10,7,1
USAD,SMD,machine-2-2,4,11,8,0
USAD,SMD,machine-2-2,5,10,7,1
USAD,SMD,machine-2-3,1,8,9,2
USAD,SMD,machine-2-3,2,8,10,2
USAD,SMD,machine-2-3,3,8,9,2
USAD,SMD,machine-2-3,4,8,9,2
USAD,SMD,machine-2-3,5,8,10,2
USAD,SMD,machine-2-4,1,14,1,6
USAD,SMD,machine-2-4,2,13,1,7
USAD,SMD,machine-2-4,3,14,1,6
USAD,SMD,machine-2-4,4,14,1,6
USAD,SMD,machine-2-4,5,14,1,6
USAD,SMD,machine-2-5,1,15,1,6
USAD,SMD,machine-2-5,2,15,1,6
USAD,SMD,machine-2-5,3,15,1,6
USAD,SMD,machine-2-5,4,15,1,6
USAD,SMD,machine-2-5,5,15,1,6
USAD,SMD,machine-2-6,1,4,0,4
USAD,SMD,machine-2-6,2,4,0,4
USAD,SMD,machine-2-6,3,4,0,4
USAD,SMD,machine-2-6,4,4,0,4
USAD,SMD,machine-2-6,5,4,0,4
USAD,SMD,machine-2-7,1,14,0,6
USAD,SMD,machine-2-7,2,14,0,6
USAD,SMD,machine-2-7,3,14,0,6
USAD,SMD,machine-2-7,4,14,0,6
USAD,SMD,machine-2-7,5,13,1,7
USAD,SMD,machine-2-8,1,1,0,0
USAD,SMD,machine-2-8,2,1,0,0
USAD,SMD,machine-2-8,3,1,0,0
USAD,SMD,machine-2-8,4,1,0,0
USAD,SMD,machine-2-8,5,1,0,0
USAD,SMD,machine-2-9,1,7,3,3
USAD,SMD,machine-2-9,2,7,3,3
USAD,SMD,machine-2-9,3,7,3,3
USAD,SMD,machine-2-9,4,7,3,3
USAD,SMD,machine-2-9,5,7,3,3
USAD,SMD,machine-3-1,1,2,6,2
USAD,SMD,machine-3-1,2,2,6,2
USAD,SMD,machine-3-1,3,2,6,2
USAD,SMD,machine-3-1,4,2,6,2
USAD,SMD,machine-3-1,5,2,6,2
USAD,SMD,machine-3-10,1,3,1,10
USAD,SMD,machine-3-10,2,3,1,10
USAD,SMD,machine-3-10,3,3,1,10
USAD,SMD,machine-3-10,4,3,1,10
USAD,SMD,machine-3-10,5,3,1,10
USAD,SMD,machine-3-11,1,3,0,0
USAD,SMD,machine-3-11,2,3,0,0
USAD,SMD,machine-3-11,3,3,0,0
USAD,SMD,machine-3-11,4,3,0,0
USAD,SMD,machine-3-11,5,3,0,0
USAD,SMD,machine-3-2,1,1,4,9
USAD,SMD,machine-3-2,2,1,3,9
USAD,SMD,machine-3-2,3,1,4,9
USAD,SMD,machine-3-2,4,1,3,9
USAD,SMD,machine-3-2,5,1,4,9
USAD,SMD,machine-3-3,1,7,1,19
USAD,SMD,machine-3-3,2,7,1,19
USAD,SMD,machine-3-3,3,7,1,19
USAD,SMD,machine-3-3,4,7,1,19
USAD,SMD,machine-3-3,5,7,1,19
USAD,SMD,machine-3-4,1,2,0,6
USAD,SMD,machine-3-4,2,2,0,6
USAD,SMD,machine-3-4,3,2,0,6
USAD,SMD,machine-3-4,4,2,0,6
USAD,SMD,machine-3-4,5,2,0,6
USAD,SMD,machine-3-5,1,2,3,9
USAD,SMD,machine-3-5,2,2,3,9
USAD,SMD,machine-3-5,3,2,3,9
USAD,SMD,machine-3-5,4,2,3,9
USAD,SMD,machine-3-5,5,2,3,9
USAD,SMD,machine-3-6,1,11,5,0
USAD,SMD,machine-3-6,2,11,1,0
USAD,SMD,machine-3-6,3,11,1,0
USAD,SMD,machine-3-6,4,11,1,0
USAD,SMD,machine-3-6,5,11,1,0
USAD,SMD,machine-3-7,1,2,2,3
USAD,SMD,machine-3-7,2,2,1,3
USAD,SMD,machine-3-7,3,2,0,3
USAD,SMD,machine-3-7,4,2,1,3
USAD,SMD,machine-3-7,5,2,0,3
USAD,SMD,machine-3-8,1,4,9,2
USAD,SMD,machine-3-8,2,4,9,2
USAD,SMD,machine-3-8,3,4,9,2
USAD,SMD,machine-3-8,4,4,9,2
USAD,SMD,machine-3-8,5,4,9,2
USAD,SMD,machine-3-9,1,2,5,2
USAD,SMD,machine-3-9,2,2,5,2
USAD,SMD,machine-3-9,3,2,5,2
USAD,SMD,machine-3-9,4,2,5,2
USAD,SMD,machine-3-9,5,2,5,2
lstm_autoencoder,MSL,C-1,0,1,0,1
lstm_autoencoder,MSL,C-1,1,1,0,1
lstm_autoencoder,MSL,C-1,2,0,0,2
lstm_autoencoder,MSL,C-1,3,0,0,2
lstm_autoencoder,MSL,C-1,4,1,0,1
lstm_autoencoder,MSL,C-2,0,0,0,2
lstm_autoencoder,MSL,C-2,1,0,0,2
lstm_autoencoder,MSL,C-2,2,0,0,2
lstm_autoencoder,MSL,C-2,3,0,0,2
lstm_autoencoder,MSL,C-2,4,0,0,2
lstm_autoencoder,MSL,D-14,0,2,1,0
lstm_autoencoder,MSL,D-14,1,2,1,0
lstm_autoencoder,MSL,D-14,2,2,1,0
lstm_autoencoder,MSL,D-14,3,1,0,1
lstm_autoencoder,MSL,D-14,4,2,0,0
lstm_autoencoder,MSL,D-15,0,0,0,1
lstm_autoencoder,MSL,D-15,1,0,0,1
lstm_autoencoder,MSL,D-15,2,0,0,1
lstm_autoencoder,MSL,D-15,3,0,0,1
lstm_autoencoder,MSL,D-15,4,0,0,1
lstm_autoencoder,MSL,D-16,0,1,0,0
lstm_autoencoder,MSL,D-16,1,1,0,0
lstm_autoencoder,MSL,D-16,2,1,0,0
lstm_autoencoder,MSL,D-16,3,1,0,0
lstm_autoencoder,MSL,D-16,4,1,0,0
lstm_autoencoder,MSL,F-4,0,0,1,1
lstm_autoencoder,MSL,F-4,1,0,1,1
lstm_autoencoder,MSL,F-4,2,0,3,1
lstm_autoencoder,MSL,F-4,3,0,1,1
lstm_autoencoder,MSL,F-4,4,0,2,1
lstm_autoencoder,MSL,F-5,0,1,1,0
lstm_autoencoder,MSL,F-5,1,1,2,0
lstm_autoencoder,MSL,F-5,2,1,3,0
lstm_autoencoder,MSL,F-5,3,1,3,0
lstm_autoencoder,MSL,F-5,4,1,0,0
lstm_autoencoder,MSL,F-7,0,0,0,3
lstm_autoencoder,MSL,F-7,1,0,0,3
lstm_autoencoder,MSL,F-7,2,0,0,3
lstm_autoencoder,MSL,F-7,3,0,0,3
lstm_autoencoder,MSL,F-7,4,0,0,3
lstm_autoencoder,MSL,F-8,0,1,2,0
lstm_autoencoder,MSL,F-8,1,1,2,0
lstm_autoencoder,MSL,F-8,2,1,2,0
lstm_autoencoder,MSL,F-8,3,1,3,0
lstm_autoencoder,MSL,F-8,4,1,3,0
lstm_autoencoder,MSL,M-1,0,1,2,0
lstm_autoencoder,MSL,M-1,1,1,1,0
lstm_autoencoder,MSL,M-1,2,1,1,0
lstm_autoencoder,MSL,M-1,3,1,1,0
lstm_autoencoder,MSL,M-1,4,1,1,0
lstm_autoencoder,MSL,M-2,0,0,0,1
lstm_autoencoder,MSL,M-2,1,0,0,1
lstm_autoencoder,MSL,M-2,2,0,0,1
lstm_autoencoder,MSL,M-2,3,0,0,1
lstm_autoencoder,MSL,M-2,4,0,0,1
lstm_autoencoder,MSL,M-3,0,0,0,1
lstm_autoencoder,MSL,M-3,1,0,0,1
lstm_autoencoder,MSL,M-3,2,0,0,1
lstm_autoencoder,MSL,M-3,3,0,0,1
lstm_autoencoder,MSL,M-3,4,1,0,0
lstm_autoencoder,MSL,M-4,0,1,0,0
lstm_autoencoder,MSL,M-4,1,0,0,1
lstm_autoencoder,MSL,M-4,2,0,0,1
lstm_autoencoder,MSL,M-4,3,0,0,1
lstm_autoencoder,MSL,M-4,4,0,0,1
lstm_autoencoder,MSL,M-5,0,0,0,1
lstm_autoencoder,MSL,M-5,1,0,0,1
lstm_autoencoder,MSL,M-5,2,0,0,1
lstm_autoencoder,MSL,M-5,3,0,0,1
lstm_autoencoder,MSL,M-5,4,0,0,1
lstm_autoencoder,MSL,M-6,0,1,2,0
lstm_autoencoder,MSL,M-6,1,1,1,0
lstm_autoencoder,MSL,M-6,2,1,2,0
lstm_autoencoder,MSL,M-6,3,1,1,0
lstm_autoencoder,MSL,M-6,4,1,2,0
lstm_autoencoder,MSL,M-7,0,1,1,0
lstm_autoencoder,MSL,M-7,1,1,1,0
lstm_autoencoder,MSL,M-7,2,1,2,0
lstm_autoencoder,MSL,M-7,3,1,1,0
lstm_autoencoder,MSL,M-7,4,1,1,0
lstm_autoencoder,MSL,P-10,0,1,0,0
lstm_autoencoder,MSL,P-10,1,1,0,0
lstm_autoencoder,MSL,P-10,2,1,0,0
lstm_autoencoder,MSL,P-10,3,1,0,0
lstm_autoencoder,MSL,P-10,4,1,0,0
lstm_autoencoder,MSL,P-11,0,1,0,1
lstm_autoencoder,MSL,P-11,1,1,0,1
lstm_autoencoder,MSL,P-11,2,1,0,1
lstm_autoencoder,MSL,P-11,3,1,0,1
lstm_autoencoder,MSL,P-11,4,1,0,1
lstm_autoencoder,MSL,P-14,0,1,0,0
lstm_autoencoder,MSL,P-14,1,1,0,0
lstm_autoencoder,MSL,P-14,2,1,0,0
lstm_autoencoder,MSL,P-14,3,1,0,0
lstm_autoencoder,MSL,P-14,4,1,0,0
lstm_autoencoder,MSL,P-15,0,1,1,0
lstm_autoencoder,MSL,P-15,1,1,1,0
lstm_autoencoder,MSL,P-15,2,1,3,0
lstm_autoencoder,MSL,P-15,3,1,3,0
lstm_autoencoder,MSL,P-15,4,1,1,0
lstm_autoencoder,MSL,S-2,0,1,1,0
lstm_autoencoder,MSL,S-2,1,1,0,0
lstm_autoencoder,MSL,S-2,2,1,1,0
lstm_autoencoder,MSL,S-2,3,1,1,0
lstm_autoencoder,MSL,S-2,4,1,1,0
lstm_autoencoder,MSL,T-12,0,1,2,0
lstm_autoencoder,MSL,T-12,1,0,1,1
lstm_autoencoder,MSL,T-12,2,0,2,1
lstm_autoencoder,MSL,T-12,3,0,2,1
lstm_autoencoder,MSL,T-12,4,0,1,1
lstm_autoencoder,MSL,T-13,0,0,1,2
lstm_autoencoder,MSL,T-13,1,0,1,2
lstm_autoencoder,MSL,T-13,2,0,1,2
lstm_autoencoder,MSL,T-13,3,0,0,2
lstm_autoencoder,MSL,T-13,4,0,1,2
lstm_autoencoder,MSL,T-4,0,0,2,1
lstm_autoencoder,MSL,T-4,1,0,1,1
lstm_autoencoder,MSL,T-4,2,0,2,1
lstm_autoencoder,MSL,T-4,3,0,0,1
lstm_autoencoder,MSL,T-4,4,0,0,1
lstm_autoencoder,MSL,T-5,0,1,0,0
lstm_autoencoder,MSL,T-5,1,1,0,0
lstm_autoencoder,MSL,T-5,2,1,1,0
lstm_autoencoder,MSL,T-5,3,1,1,0
lstm_autoencoder,MSL,T-5,4,1,1,0
lstm_autoencoder,MSL,T-8,0,2,1,0
lstm_autoencoder,MSL,T-8,1,2,1,0
lstm_autoencoder,MSL,T-8,2,2,2,0
lstm_autoencoder,MSL,T-8,3,2,1,0
lstm_autoencoder,MSL,T-8,4,2,1,0
lstm_autoencoder,MSL,T-9,0,1,1,1
lstm_autoencoder,MSL,T-9,1,1,1,1
lstm_autoencoder,MSL,T-9,2,1,1,1
lstm_autoencoder,MSL,T-9,3,1,1,1
lstm_autoencoder,MSL,T-9,4,1,1,1
lstm_autoencoder,SMAP,A-1,0,1,1,0
lstm_autoencoder,SMAP,A-1,1,1,0,0
lstm_autoencoder,SMAP,A-1,2,1,1,0
lstm_autoencoder,SMAP,A-1,3,1,1,0
lstm_autoencoder,SMAP,A-1,4,1,0,0
lstm_autoencoder,SMAP,A-2,0,1,1,0
lstm_autoencoder,SMAP,A-2,1,1,1,0
lstm_autoencoder,SMAP,A-2,2,1,1,0
lstm_autoencoder,SMAP,A-2,3,1,1,0
lstm_autoencoder,SMAP,A-2,4,1,0,0
lstm_autoencoder,SMAP,A-3,0,1,0,0
lstm_autoencoder,SMAP,A-3,1,1,0,0
lstm_autoencoder,SMAP,A-3,2,1,2,0
lstm_autoencoder,SMAP,A-3,3,1,0,0
lstm_autoencoder,SMAP,A-3,4,1,0,0
lstm_autoencoder,SMAP,A-4,0,0,1,1
lstm_autoencoder,SMAP,A-4,1,0,1,1
lstm_autoencoder,SMAP,A-4,2,0,1,1
lstm_autoencoder,SMAP,A-4,3,0,1,1
lstm_autoencoder,SMAP,A-4,4,1,0,0
lstm_autoencoder,SMAP,A-5,0,1,1,0
lstm_autoencoder,SMAP,A-5,1,1,1,0
lstm_autoencoder,SMAP,A-5,2,1,1,0
lstm_autoencoder,SMAP,A-5,3,1,1,0
lstm_autoencoder,SMAP,A-5,4,1,1,0
lstm_autoencoder,SMAP,A-6,0,1,0,0
lstm_autoencoder,SMAP,A-6,1,1,0,0
lstm_autoencoder,SMAP,A-6,2,1,0,0
lstm_autoencoder,SMAP,A-6,3,1,0,0
lstm_autoencoder,SMAP,A-6,4,1,0,0
lstm_autoencoder,SMAP,A-7,0,0,0,1
lstm_autoencoder,SMAP,A-7,1,0,0,1
lstm_autoencoder,SMAP,A-7,2,0,0,1
lstm_autoencoder,SMAP,A-7,3,0,0,1
lstm_autoencoder,SMAP,A-7,4,0,0,1
lstm_autoencoder,SMAP,A-8,0,1,0,0
lstm_autoencoder,SMAP,A-8,1,1,0,0
lstm_autoencoder,SMAP,A-8,2,1,1,0
lstm_autoencoder,SMAP,A-8,3,1,1,0
lstm_autoencoder,SMAP,A-8,4,1,1,0
lstm_autoencoder,SMAP,A-9,0,1,0,0
lstm_autoencoder,SMAP,A-9,1,1,0,0
lstm_autoencoder,SMAP,A-9,2,1,0,0
lstm_autoencoder,SMAP,A-9,3,1,0,0
lstm_autoencoder,SMAP,A-9,4,1,0,0
lstm_autoencoder,SMAP,B-1,0,1,2,0
lstm_autoencoder,SMAP,B-1,1,0,1,1
lstm_autoencoder,SMAP,B-1,2,1,2,0
lstm_autoencoder,SMAP,B-1,3,1,1,0
lstm_autoencoder,SMAP,B-1,4,1,2,0
lstm_autoencoder,SMAP,D-1,0,1,1,0
lstm_autoencoder,SMAP,D-1,1,1,1,0
lstm_autoencoder,SMAP,D-1,2,1,0,0
lstm_autoencoder,SMAP,D-1,3,1,1,0
lstm_autoencoder,SMAP,D-1,4,1,0,0
lstm_autoencoder,SMAP,D-11,0,1,0,0
lstm_autoencoder,SMAP,D-11,1,1,0,0
lstm_autoencoder,SMAP,D-11,2,1,0,0
lstm_autoencoder,SMAP,D-11,3,1,0,0
lstm_autoencoder,SMAP,D-11,4,1,0,0
lstm_autoencoder,SMAP,D-12,0,1,1,0
lstm_autoencoder,SMAP,D-12,1,1,1,0
lstm_autoencoder,SMAP,D-12,2,1,1,0
lstm_autoencoder,SMAP,D-12,3,1,1,0
lstm_autoencoder,SMAP,D-12,4,1,1,0
lstm_autoencoder,SMAP,D-13,0,1,2,0
lstm_autoencoder,SMAP,D-13,1,1,2,0
lstm_autoencoder,SMAP,D-13,2,1,2,0
lstm_autoencoder,SMAP,D-13,3,0,2,1
lstm_autoencoder,SMAP,D-13,4,1,2,0
lstm_autoencoder,SMAP,D-2,0,1,1,0
lstm_autoencoder,SMAP,D-2,1,1,1,0
lstm_autoencoder,SMAP,D-2,2,1,0,0
lstm_autoencoder,SMAP,D-2,3,1,1,0
lstm_autoencoder,SMAP,D-2,4,1,1,0
lstm_autoencoder,SMAP,D-3,0,1,0,0
lstm_autoencoder,SMAP,D-3,1,1,1,0
lstm_autoencoder,SMAP,D-3,2,1,0,0
lstm_autoencoder,SMAP,D-3,3,1,0,0
lstm_autoencoder,SMAP,D-3,4,1,0,0
lstm_autoencoder,SMAP,D-4,0,1,0,0
lstm_autoencoder,SMAP,D-4,1,1,0,0
lstm_autoencoder,SMAP,D-4,2,1,0,0
lstm_autoencoder,SMAP,D-4,3,1,0,0
lstm_autoencoder,SMAP,D-4,4,1,1,0
lstm_autoencoder,SMAP,D-5,0,0,0,1
lstm_autoencoder,SMAP,D-5,1,0,0,1
lstm_autoencoder,SMAP,D-5,2,0,0,1
lstm_autoencoder,SMAP,D-5,3,0,0,1
lstm_autoencoder,SMAP,D-5,4,0,0,1
lstm_autoencoder,SMAP,D-6,0,1,1,0
lstm_autoencoder,SMAP,D-6,1,1,2,0
lstm_autoencoder,SMAP,D-6,2,1,2,0
lstm_autoencoder,SMAP,D-6,3,1,1,0
lstm_autoencoder,SMAP,D-6,4,1,0,0
lstm_autoencoder,SMAP,D-7,0,1,1,0
lstm_autoencoder,SMAP,D-7,1,1,1,0
lstm_autoencoder,SMAP,D-7,2,1,0,0
lstm_autoencoder,SMAP,D-7,3,1,0,0
lstm_autoencoder,SMAP,D-7,4,1,1,0
lstm_autoencoder,SMAP,D-8,0,1,0,0
lstm_autoencoder,SMAP,D-8,1,1,1,0
lstm_autoencoder,SMAP,D-8,2,1,1,0
lstm_autoencoder,SMAP,D-8,3,1,1,0
lstm_autoencoder,SMAP,D-8,4,1,1,0
lstm_autoencoder,SMAP,D-9,0,1,1,0
lstm_autoencoder,SMAP,D-9,1,1,1,0
lstm_autoencoder,SMAP,D-9,2,0,1,1
lstm_autoencoder,SMAP,D-9,3,1,1,0
lstm_autoencoder,SMAP,D-9,4,1,0,0
lstm_autoencoder,SMAP,E-1,0,2,1,0
lstm_autoencoder,SMAP,E-1,1,2,1,0
lstm_autoencoder,SMAP,E-1,2,2,1,0
lstm_autoencoder,SMAP,E-1,3,2,1,0
lstm_autoencoder,SMAP,E-1,4,2,1,0
lstm_autoencoder,SMAP,E-10,0,2,1,0
lstm_autoencoder,SMAP,E-10,1,2,0,0
lstm_autoencoder,SMAP,E-10,2,2,1,0
lstm_autoencoder,SMAP,E-10,3,2,1,0
lstm_autoencoder,SMAP,E-10,4,2,1,0
lstm_autoencoder,SMAP,E-11,0,2,1,0
lstm_autoencoder,SMAP,E-11,1,2,1,0
lstm_autoencoder,SMAP,E-11,2,2,1,0
lstm_autoencoder,SMAP,E-11,3,2,0,0
lstm_autoencoder,SMAP,E-11,4,2,1,0
lstm_autoencoder,SMAP,E-12,0,1,1,1
lstm_autoencoder,SMAP,E-12,1,1,1,1
lstm_autoencoder,SMAP,E-12,2,1,1,1
lstm_autoencoder,SMAP,E-12,3,1,1,1
lstm_autoencoder,SMAP,E-12,4,1,1,1
lstm_autoencoder,SMAP,E-13,0,1,0,2
lstm_autoencoder,SMAP,E-13,1,0,0,3
lstm_autoencoder,SMAP,E-13,2,1,0,2
lstm_autoencoder,SMAP,E-13,3,0,0,3
lstm_autoencoder,SMAP,E-13,4,0,0,3
lstm_autoencoder,SMAP,E-2,0,1,1,0
lstm_autoencoder,SMAP,E-2,1,1,0,0
lstm_autoencoder,SMAP,E-2,2,1,0,0
lstm_autoencoder,SMAP,E-2,3,1,0,0
lstm_autoencoder,SMAP,E-2,4,1,0,0
lstm_autoencoder,SMAP,E-3,0,1,1,0
lstm_autoencoder,SMAP,E-3,1,0,0,1
lstm_autoencoder,SMAP,E-3,2,1,0,0
lstm_autoencoder,SMAP,E-3,3,1,1,0
lstm_autoencoder,SMAP,E-3,4,1,1,0
lstm_autoencoder,SMAP,E-4,0,0,1,1
lstm_autoencoder,SMAP,E-4,1,0,2,1
lstm_autoencoder,SMAP,E-4,2,0,1,1
lstm_autoencoder,SMAP,E-4,3,0,1,1
lstm_autoencoder,SMAP,E-4,4,0,0,1
lstm_autoencoder,SMAP,E-5,0,0,1,1
lstm_autoencoder,SMAP,E-5,1,0,1,1
lstm_autoencoder,SMAP,E-5,2,0,0,1
lstm_autoencoder,SMAP,E-5,3,0,1,1
lstm_autoencoder,SMAP,E-5,4,0,0,1
lstm_autoencoder,SMAP,E-6,0,1,0,0
lstm_autoencoder,SMAP,E-6,1,1,2,0
lstm_autoencoder,SMAP,E-6,2,1,0,0
lstm_autoencoder,SMAP,E-6,3,1,1,0
lstm_autoencoder,SMAP,E-6,4,1,0,0
lstm_autoencoder,SMAP,E-7,0,1,0,0
lstm_autoencoder,SMAP,E-7,1,1,1,0
lstm_autoencoder,SMAP,E-7,2,1,0,0
lstm_autoencoder,SMAP,E-7,3,1,0,0
lstm_autoencoder,SMAP,E-7,4,1,0,0
lstm_autoencoder,SMAP,E-8,0,1,1,0
lstm_autoencoder,SMAP,E-8,1,1,0,0
lstm_autoencoder,SMAP,E-8,2,1,0,0
lstm_autoencoder,SMAP,E-8,3,1,0,0
lstm_autoencoder,SMAP,E-8,4,1,0,0
lstm_autoencoder,SMAP,E-9,0,0,1,1
lstm_autoencoder,SMAP,E-9,1,0,0,1
lstm_autoencoder,SMAP,E-9,2,0,0,1
lstm_autoencoder,SMAP,E-9,3,0,0,1
lstm_autoencoder,SMAP,E-9,4,0,0,1
lstm_autoencoder,SMAP,F-1,0,0,1,1
lstm_autoencoder,SMAP,F-1,1,0,0,1
lstm_autoencoder,SMAP,F-1,2,0,1,1
lstm_autoencoder,SMAP,F-1,3,0,1,1
lstm_autoencoder,SMAP,F-1,4,0,0,1
lstm_autoencoder,SMAP,F-2,0,1,0,0
lstm_autoencoder,SMAP,F-2,1,1,0,0
lstm_autoencoder,SMAP,F-2,2,1,0,0
lstm_autoencoder,SMAP,F-2,3,1,0,0
lstm_autoencoder,SMAP,F-2,4,1,0,0
lstm_autoencoder,SMAP,F-3,0,0,0,1
lstm_autoencoder,SMAP,F-3,1,0,0,1
lstm_autoencoder,SMAP,F-3,2,0,1,1
lstm_autoencoder,SMAP,F-3,3,0,1,1
lstm_autoencoder,SMAP,F-3,4,0,0,1
lstm_autoencoder,SMAP,G-1,0,0,1,1
lstm_autoencoder,SMAP,G-1,1,0,0,1
lstm_autoencoder,SMAP,G-1,2,0,0,1
lstm_autoencoder,SMAP,G-1,3,0,0,1
lstm_autoencoder,SMAP,G-1,4,0,1,1
lstm_autoencoder,SMAP,G-2,0,1,1,0
lstm_autoencoder,SMAP,G-2,1,1,1,0
lstm_autoencoder,SMAP,G-2,2,1,0,0
lstm_autoencoder,SMAP,G-2,3,1,0,0
lstm_autoencoder,SMAP,G-2,4,1,0,0
lstm_autoencoder,SMAP,G-3,0,1,1,0
lstm_autoencoder,SMAP,G-3,1,1,2,0
lstm_autoencoder,SMAP,G-3,2,1,0,0
lstm_autoencoder,SMAP,G-3,3,1,2,0
lstm_autoencoder,SMAP,G-3,4,1,0,0
lstm_autoencoder,SMAP,G-4,0,1,0,0
lstm_autoencoder,SMAP,G-4,1,1,0,0
lstm_autoencoder,SMAP,G-4,2,1,0,0
lstm_autoencoder,SMAP,G-4,3,1,0,0
lstm_autoencoder,SMAP,G-4,4,1,0,0
lstm_autoencoder,SMAP,G-6,0,1,0,0
lstm_autoencoder,SMAP,G-6,1,1,0,0
lstm_autoencoder,SMAP,G-6,2,1,1,0
lstm_autoencoder,SMAP,G-6,3,1,0,0
lstm_autoencoder,SMAP,G-6,4,1,0,0
lstm_autoencoder,SMAP,G-7,0,3,0,0
lstm_autoencoder,SMAP,G-7,1,3,0,0
lstm_autoencoder,SMAP,G-7,2,3,0,0
lstm_autoencoder,SMAP,G-7,3,3,0,0
lstm_autoencoder,SMAP,G-7,4,3,0,0
lstm_autoencoder,SMAP,P-1,0,0,0,3
lstm_autoencoder,SMAP,P-1,1,0,0,3
lstm_autoencoder,SMAP,P-1,2,0,0,3
lstm_autoencoder,SMAP,P-1,3,0,0,3
lstm_autoencoder,SMAP,P-1,4,0,0,3
lstm_autoencoder,SMAP,P-3,0,1,0,0
lstm_autoencoder,SMAP,P-3,1,1,1,0
lstm_autoencoder,SMAP,P-3,2,1,1,0
lstm_autoencoder,SMAP,P-3,3,1,0,0
lstm_autoencoder,SMAP,P-3,4,1,1,0
lstm_autoencoder,SMAP,P-4,0,3,0,0
lstm_autoencoder,SMAP,P-4,1,3,0,0
lstm_autoencoder,SMAP,P-4,2,3,0,0
lstm_autoencoder,SMAP,P-4,3,3,0,0
lstm_autoencoder,SMAP,P-4,4,3,0,0
lstm_autoencoder,SMAP,P-7,0,1,1,0
lstm_autoencoder,SMAP,P-7,1,1,2,0
lstm_autoencoder,SMAP,P-7,2,1,0,0
lstm_autoencoder,SMAP,P-7,3,1,1,0
lstm_autoencoder,SMAP,P-7,4,1,1,0
lstm_autoencoder,SMAP,R-1,0,1,1,0
lstm_autoencoder,SMAP,R-1,1,1,0,0
lstm_autoencoder,SMAP,R-1,2,1,0,0
lstm_autoencoder,SMAP,R-1,3,1,1,0
lstm_autoencoder,SMAP,R-1,4,1,0,0
lstm_autoencoder,SMAP,S-1,0,0,0,1
lstm_autoencoder,SMAP,S-1,1,0,0,1
lstm_autoencoder,SMAP,S-1,2,0,0,1
lstm_autoencoder,SMAP,S-1,3,0,0,1
lstm_autoencoder,SMAP,S-1,4,0,0,1
lstm_autoencoder,SMAP,T-1,0,0,0,2
lstm_autoencoder,SMAP,T-1,1,1,0,1
lstm_autoencoder,SMAP,T-1,2,1,0,1
lstm_autoencoder,SMAP,T-1,3,1,0,1
lstm_autoencoder,SMAP,T-1,4,0,0,2
lstm_autoencoder,SMAP,T-2,0,0,1,1
lstm_autoencoder,SMAP,T-2,1,0,0,1
lstm_autoencoder,SMAP,T-2,2,0,2,1
lstm_autoencoder,SMAP,T-2,3,1,1,0
lstm_autoencoder,SMAP,T-2,4,0,1,1
lstm_autoencoder,SMAP,T-3,0,2,0,0
lstm_autoencoder,SMAP,T-3,1,2,0,0
lstm_autoencoder,SMAP,T-3,2,2,0,0
lstm_autoencoder,SMAP,T-3,3,2,0,0
lstm_autoencoder,SMAP,T-3,4,2,0,0
lstm_autoencoder,SMD,machine-1-1,1,3,5,5
lstm_autoencoder,SMD,machine-1-1,2,1,6,7
lstm_autoencoder,SMD,machine-1-1,3,2,5,6
lstm_autoencoder,SMD,machine-1-2,1,0,1,10
lstm_autoencoder,SMD,machine-1-2,2,0,1,10
lstm_autoencoder,SMD,machine-1-2,3,0,1,10
lstm_autoencoder,SMD,machine-1-3,1,1,2,11
lstm_autoencoder,SMD,machine-1-3,2,1,2,11
lstm_autoencoder,SMD,machine-1-3,3,1,2,11
lstm_autoencoder,SMD,machine-1-4,1,0,2,12
lstm_autoencoder,SMD,machine-1-4,2,0,1,12
lstm_autoencoder,SMD,machine-1-4,3,1,2,11
lstm_autoencoder,SMD,machine-1-5,1,4,0,3
lstm_autoencoder,SMD,machine-1-5,2,4,0,3
lstm_autoencoder,SMD,machine-1-5,3,4,0,3
lstm_autoencoder,SMD,machine-1-6,1,1,1,29
lstm_autoencoder,SMD,machine-1-6,2,1,1,29
lstm_autoencoder,SMD,machine-1-6,3,1,0,29
lstm_autoencoder,SMD,machine-1-7,1,4,0,9
lstm_autoencoder,SMD,machine-1-7,2,3,0,10
lstm_autoencoder,SMD,machine-1-7,3,5,0,8
lstm_autoencoder,SMD,machine-1-8,1,1,4,19
lstm_autoencoder,SMD,machine-1-8,2,2,4,18
lstm_autoencoder,SMD,machine-1-8,3,1,4,19
lstm_autoencoder,SMD,machine-2-1,1,0,0,13
lstm_autoencoder,SMD,machine-2-1,2,0,0,13
lstm_autoencoder,SMD,machine-2-1,3,0,0,13
lstm_autoencoder,SMD,machine-2-2,1,4,1,7
lstm_autoencoder,SMD,machine-2-2,2,4,0,7
lstm_autoencoder,SMD,machine-2-2,3,4,0,7
lstm_autoencoder,SMD,machine-2-3,1,3,1,7
lstm_autoencoder,SMD,machine-2-3,2,3,1,7
lstm_autoencoder,SMD,machine-2-3,3,3,1,7
lstm_autoencoder,SMD,machine-2-4,1,3,0,17
lstm_autoencoder,SMD,machine-2-4,2,3,0,17
lstm_autoencoder,SMD,machine-2-4,3,3,0,17
lstm_autoencoder,SMD,machine-2-5,1,2,1,19
lstm_autoencoder,SMD,machine-2-5,2,5,0,16
lstm_autoencoder,SMD,machine-2-5,3,6,0,15
lstm_autoencoder,SMD,machine-2-6,1,0,1,8
lstm_autoencoder,SMD,machine-2-6,2,0,1,8
lstm_autoencoder,SMD,machine-2-6,3,0,1,8
lstm_autoencoder,SMD,machine-2-7,1,2,0,18
lstm_autoencoder,SMD,machine-2-7,2,2,1,18
lstm_autoencoder,SMD,machine-2-7,3,2,1,18
lstm_autoencoder,SMD,machine-2-8,1,1,2,0
lstm_autoencoder,SMD,machine-2-8,2,1,2,0
lstm_autoencoder,SMD,machine-2-8,3,1,2,0
lstm_autoencoder,SMD,machine-2-9,1,3,3,7
lstm_autoencoder,SMD,machine-2-9,2,2,4,8
lstm_autoencoder,SMD,machine-2-9,3,4,2,6
lstm_autoencoder,SMD,machine-3-1,1,3,5,1
lstm_autoencoder,SMD,machine-3-1,2,2,4,2
lstm_autoencoder,SMD,machine-3-1,3,2,4,2
lstm_autoencoder,SMD,machine-3-10,1,2,1,11
lstm_autoencoder,SMD,machine-3-10,2,2,1,11
lstm_autoencoder,SMD,machine-3-10,3,2,1,11
lstm_autoencoder,SMD,machine-3-11,1,0,3,3
lstm_autoencoder,SMD,machine-3-11,2,1,2,2
lstm_autoencoder,SMD,machine-3-11,3,0,3,3
lstm_autoencoder,SMD,machine-3-2,1,0,3,10
lstm_autoencoder,SMD,machine-3-2,2,0,1,10
lstm_autoencoder,SMD,machine-3-2,3,0,1,10
lstm_autoencoder,SMD,machine-3-3,1,1,3,25
lstm_autoencoder,SMD,machine-3-3,2,1,1,25
lstm_autoencoder,SMD,machine-3-3,3,1,2,25
lstm_autoencoder,SMD,machine-3-4,1,1,0,7
lstm_autoencoder,SMD,machine-3-4,2,1,0,7
lstm_autoencoder,SMD,machine-3-4,3,1,0,7
lstm_autoencoder,SMD,machine-3-5,1,1,1,10
lstm_autoencoder,SMD,machine-3-5,2,2,1,9
lstm_autoencoder,SMD,machine-3-5,3,1,1,10
lstm_autoencoder,SMD,machine-3-6,1,5,0,6
lstm_autoencoder,SMD,machine-3-6,2,6,0,5
lstm_autoencoder,SMD,machine-3-6,3,4,0,7
lstm_autoencoder,SMD,machine-3-7,1,0,1,5
lstm_autoencoder,SMD,machine-3-7,2,1,1,4
lstm_autoencoder,SMD,machine-3-7,3,1,1,4
lstm_autoencoder,SMD,machine-3-8,1,2,3,4
lstm_autoencoder,SMD,machine-3-8,2,2,4,4
lstm_autoencoder,SMD,machine-3-8,3,2,4,4
lstm_autoencoder,SMD,machine-3-9,1,2,4,2
lstm_autoencoder,SMD,machine-3-9,2,2,4,2
lstm_autoencoder,SMD,machine-3-9,3,2,4,2
lstm_dynamic_threshold,MSL,C-1,0,1,5,1
lstm_dynamic_threshold,MSL,C-1,1,1,5,1
lstm_dynamic_threshold,MSL,C-1,2,1,4,1
lstm_dynamic_threshold,MSL,C-1,3,1,5,1
lstm_dynamic_threshold,MSL,C-1,4,1,5,1
lstm_dynamic_threshold,MSL,C-2,0,0,6,2
lstm_dynamic_threshold,MSL,C-2,1,0,6,2
lstm_dynamic_threshold,MSL,C-2,2,0,6,2
lstm_dynamic_threshold,MSL,C-2,3,0,6,2
lstm_dynamic_threshold,MSL,C-2,4,0,6,2
lstm_dynamic_threshold,MSL,D-14,0,2,0,0
lstm_dynamic_threshold,MSL,D-14,1,2,0,0
lstm_dynamic_threshold,MSL,D-14,2,2,0,0
lstm_dynamic_threshold,MSL,D-14,3,2,0,0
lstm_dynamic_threshold,MSL,D-14,4,2,0,0
lstm_dynamic_threshold,MSL,D-15,0,0,0,1
lstm_dynamic_threshold,MSL,D-15,1,0,0,1
lstm_dynamic_threshold,MSL,D-15,2,0,0,1
lstm_dynamic_threshold,MSL,D-15,3,0,0,1
lstm_dynamic_threshold,MSL,D-15,4,0,0,1
lstm_dynamic_threshold,MSL,D-16,0,1,0,0
lstm_dynamic_threshold,MSL,D-16,1,1,0,0
lstm_dynamic_threshold,MSL,D-16,2,1,0,0
lstm_dynamic_threshold,MSL,D-16,3,1,0,0
lstm_dynamic_threshold,MSL,D-16,4,0,0,1
lstm_dynamic_threshold,MSL,F-4,0,0,5,1
lstm_dynamic_threshold,MSL,F-4,1,0,5,1
lstm_dynamic_threshold,MSL,F-4,2,0,5,1
lstm_dynamic_threshold,MSL,F-4,3,0,5,1
lstm_dynamic_threshold,MSL,F-4,4,1,5,0
lstm_dynamic_threshold,MSL,F-5,0,1,5,0
lstm_dynamic_threshold,MSL,F-5,1,1,3,0
lstm_dynamic_threshold,MSL,F-5,2,1,5,0
lstm_dynamic_threshold,MSL,F-5,3,1,5,0
lstm_dynamic_threshold,MSL,F-5,4,1,5,0
lstm_dynamic_threshold,MSL,F-7,0,0,0,3
lstm_dynamic_threshold,MSL,F-7,1,0,0,3
lstm_dynamic_threshold,MSL,F-7,2,0,0,3
lstm_dynamic_threshold,MSL,F-7,3,0,0,3
lstm_dynamic_threshold,MSL,F-7,4,0,0,3
lstm_dynamic_threshold,MSL,F-8,0,1,4,0
lstm_dynamic_threshold,MSL,F-8,1,1,4,0
lstm_dynamic_threshold,MSL,F-8,2,1,4,0
lstm_dynamic_threshold,MSL,F-8,3,1,4,0
lstm_dynamic_threshold,MSL,F-8,4,1,4,0
lstm_dynamic_threshold,MSL,M-1,0,1,1,0
lstm_dynamic_threshold,MSL,M-1,1,1,0,0
lstm_dynamic_threshold,MSL,M-1,2,1,0,0
lstm_dynamic_threshold,MSL,M-1,3,1,0,0
lstm_dynamic_threshold,MSL,M-1,4,1,1,0
lstm_dynamic_threshold,MSL,M-2,0,0,0,1
lstm_dynamic_threshold,MSL,M-2,1,0,0,1
lstm_dynamic_threshold,MSL,M-2,2,1,0,0
lstm_dynamic_threshold,MSL,M-2,3,1,1,0
lstm_dynamic_threshold,MSL,M-2,4,0,0,1
lstm_dynamic_threshold,MSL,M-3,0,0,1,1
lstm_dynamic_threshold,MSL,M-3,1,0,1,1
lstm_dynamic_threshold,MSL,M-3,2,0,0,1
lstm_dynamic_threshold,MSL,M-3,3,0,1,1
lstm_dynamic_threshold,MSL,M-3,4,0,0,1
lstm_dynamic_threshold,MSL,M-4,0,0,0,1
lstm_dynamic_threshold,MSL,M-4,1,1,1,0
lstm_dynamic_threshold,MSL,M-4,2,0,1,1
lstm_dynamic_threshold,MSL,M-4,3,0,1,1
lstm_dynamic_threshold,MSL,M-4,4,1,1,0
lstm_dynamic_threshold,MSL,M-5,0,1,0,0
lstm_dynamic_threshold,MSL,M-5,1,1,0,0
lstm_dynamic_threshold,MSL,M-5,2,1,0,0
lstm_dynamic_threshold,MSL,M-5,3,1,0,0
lstm_dynamic_threshold,MSL,M-5,4,1,0,0
lstm_dynamic_threshold,MSL,M-6,0,1,1,0
lstm_dynamic_threshold,MSL,M-6,1,1,1,0
lstm_dynamic_threshold,MSL,M-6,2,1,2,0
lstm_dynamic_threshold,MSL,M-6,3,1,2,0
lstm_dynamic_threshold,MSL,M-6,4,1,1,0
lstm_dynamic_threshold,MSL,M-7,0,1,1,0
lstm_dynamic_threshold,MSL,M-7,1,1,1,0
lstm_dynamic_threshold,MSL,M-7,2,1,1,0
lstm_dynamic_threshold,MSL,M-7,3,1,1,0
lstm_dynamic_threshold,MSL,M-7,4,1,1,0
lstm_dynamic_threshold,MSL,P-10,0,1,0,0
lstm_dynamic_threshold,MSL,P-10,1,1,0,0
lstm_dynamic_threshold,MSL,P-10,2,1,0,0
lstm_dynamic_threshold,MSL,P-10,3,1,0,0
lstm_dynamic_threshold,MSL,P-10,4,1,0,0
lstm_dynamic_threshold,MSL,P-11,0,2,1,0
lstm_dynamic_threshold,MSL,P-11,1,2,1,0
lstm_dynamic_threshold,MSL,P-11,2,2,1,0
lstm_dynamic_threshold,MSL,P-11,3,2,1,0
lstm_dynamic_threshold,MSL,P-11,4,2,1,0
lstm_dynamic_threshold,MSL,P-14,0,1,0,0
lstm_dynamic_threshold,MSL,P-14,1,1,0,0
lstm_dynamic_threshold,MSL,P-14,2,1,0,0
lstm_dynamic_threshold,MSL,P-14,3,1,0,0
lstm_dynamic_threshold,MSL,P-14,4,1,0,0
lstm_dynamic_threshold,MSL,P-15,0,1,2,0
lstm_dynamic_threshold,MSL,P-15,1,1,3,0
lstm_dynamic_threshold,MSL,P-15,2,1,3,0
lstm_dynamic_threshold,MSL,P-15,3,1,3,0
lstm_dynamic_threshold,MSL,P-15,4,1,3,0
lstm_dynamic_threshold,MSL,S-2,0,1,0,0
lstm_dynamic_threshold,MSL,S-2,1,1,0,0
lstm_dynamic_threshold,MSL,S-2,2,1,0,0
lstm_dynamic_threshold,MSL,S-2,3,1,0,0
lstm_dynamic_threshold,MSL,S-2,4,1,0,0
lstm_dynamic_threshold,MSL,T-12,0,1,3,0
lstm_dynamic_threshold,MSL,T-12,1,1,3,0
lstm_dynamic_threshold,MSL,T-12,2,1,3,0
lstm_dynamic_threshold,MSL,T-12,3,1,3,0
lstm_dynamic_threshold,MSL,T-12,4,1,3,0
lstm_dynamic_threshold,MSL,T-13,0,1,2,1
lstm_dynamic_threshold,MSL,T-13,1,2,2,0
lstm_dynamic_threshold,MSL,T-13,2,1,2,1
lstm_dynamic_threshold,MSL,T-13,3,1,1,1
lstm_dynamic_threshold,MSL,T-13,4,1,2,1
lstm_dynamic_threshold,MSL,T-4,0,1,1,0
lstm_dynamic_threshold,MSL,T-4,1,1,1,0
lstm_dynamic_threshold,MSL,T-4,2,1,1,0
lstm_dynamic_threshold,MSL,T-4,3,1,1,0
lstm_dynamic_threshold,MSL,T-4,4,1,1,0
lstm_dynamic_threshold,MSL,T-5,0,1,0,0
lstm_dynamic_threshold,MSL,T-5,1,1,0,0
lstm_dynamic_threshold,MSL,T-5,2,1,0,0
lstm_dynamic_threshold,MSL,T-5,3,1,0,0
lstm_dynamic_threshold,MSL,T-5,4,1,1,0
lstm_dynamic_threshold,MSL,T-8,0,2,4,0
lstm_dynamic_threshold,MSL,T-8,1,2,4,0
lstm_dynamic_threshold,MSL,T-8,2,2,4,0
lstm_dynamic_threshold,MSL,T-8,3,2,4,0
lstm_dynamic_threshold,MSL,T-8,4,2,4,0
lstm_dynamic_threshold,MSL,T-9,0,2,0,0
lstm_dynamic_threshold,MSL,T-9,1,2,0,0
lstm_dynamic_threshold,MSL,T-9,2,2,0,0
lstm_dynamic_threshold,MSL,T-9,3,2,0,0
lstm_dynamic_threshold,MSL,T-9,4,2,0,0
lstm_dynamic_threshold,SMAP,A-1,0,1,0,0
lstm_dynamic_threshold,SMAP,A-1,1,1,0,0
lstm_dynamic_threshold,SMAP,A-1,2,1,1,0
lstm_dynamic_threshold,SMAP,A-1,3,1,1,0
lstm_dynamic_threshold,SMAP,A-1,4,1,1,0
lstm_dynamic_threshold,SMAP,A-2,0,1,1,0
lstm_dynamic_threshold,SMAP,A-2,1,1,1,0
lstm_dynamic_threshold,SMAP,A-2,2,1,1,0
lstm_dynamic_threshold,SMAP,A-2,3,1,1,0
lstm_dynamic_threshold,SMAP,A-2,4,1,1,0
lstm_dynamic_threshold,SMAP,A-3,0,1,0,0
lstm_dynamic_threshold,SMAP,A-3,1,1,1,0
lstm_dynamic_threshold,SMAP,A-3,2,1,1,0
lstm_dynamic_threshold,SMAP,A-3,3,1,1,0
lstm_dynamic_threshold,SMAP,A-3,4,1,1,0
lstm_dynamic_threshold,SMAP,A-4,0,1,1,0
lstm_dynamic_threshold,SMAP,A-4,1,1,1,0
lstm_dynamic_threshold,SMAP,A-4,2,1,1,0
lstm_dynamic_threshold,SMAP,A-4,3,1,1,0
lstm_dynamic_threshold,SMAP,A-4,4,1,1,0
lstm_dynamic_threshold,SMAP,A-5,0,0,0,1
lstm_dynamic_threshold,SMAP,A-5,1,0,0,1
lstm_dynamic_threshold,SMAP,A-5,2,0,0,1
lstm_dynamic_threshold,SMAP,A-5,3,0,0,1
lstm_dynamic_threshold,SMAP,A-5,4,0,0,1
lstm_dynamic_threshold,SMAP,A-6,0,1,0,0
lstm_dynamic_threshold,SMAP,A-6,1,1,0,0
lstm_dynamic_threshold,SMAP,A-6,2,1,0,0
lstm_dynamic_threshold,SMAP,A-6,3,1,0,0
lstm_dynamic_threshold,SMAP,A-6,4,1,0,0
lstm_dynamic_threshold,SMAP,A-7,0,1,1,0
lstm_dynamic_threshold,SMAP,A-7,1,1,1,0
lstm_dynamic_threshold,SMAP,A-7,2,1,1,0
lstm_dynamic_threshold,SMAP,A-7,3,1,1,0
lstm_dynamic_threshold,SMAP,A-7,4,1,1,0
lstm_dynamic_threshold,SMAP,A-8,0,1,0,0
lstm_dynamic_threshold,SMAP,A-8,1,1,0,0
lstm_dynamic_threshold,SMAP,A-8,2,1,0,0
lstm_dynamic_threshold,SMAP,A-8,3,1,0,0
lstm_dynamic_threshold,SMAP,A-8,4,1,0,0
lstm_dynamic_threshold,SMAP,A-9,0,0,0,1
lstm_dynamic_threshold,SMAP,A-9,1,0,0,1
lstm_dynamic_threshold,SMAP,A-9,2,0,0,1
lstm_dynamic_threshold,SMAP,A-9,3,0,0,1
lstm_dynamic_threshold,SMAP,A-9,4,0,0,1
lstm_dynamic_threshold,SMAP,B-1,0,1,0,0
lstm_dynamic_threshold,SMAP,B-1,1,1,0,0
lstm_dynamic_threshold,SMAP,B-1,2,1,0,0
lstm_dynamic_threshold,SMAP,B-1,3,1,0,0
lstm_dynamic_threshold,SMAP,B-1,4,1,0,0
lstm_dynamic_threshold,SMAP,D-1,0,1,1,0
lstm_dynamic_threshold,SMAP,D-1,1,1,1,0
lstm_dynamic_threshold,SMAP,D-1,2,1,1,0
lstm_dynamic_threshold,SMAP,D-1,3,1,1,0
lstm_dynamic_threshold,SMAP,D-1,4,1,1,0
lstm_dynamic_threshold,SMAP,D-11,0,1,0,0
lstm_dynamic_threshold,SMAP,D-11,1,1,0,0
lstm_dynamic_threshold,SMAP,D-11,2,1,0,0
lstm_dynamic_threshold,SMAP,D-11,3,1,0,0
lstm_dynamic_threshold,SMAP,D-11,4,1,0,0
lstm_dynamic_threshold,SMAP,D-12,0,1,0,0
lstm_dynamic_threshold,SMAP,D-12,1,1,0,0
lstm_dynamic_threshold,SMAP,D-12,2,0,0,1
lstm_dynamic_threshold,SMAP,D-12,3,0,0,1
lstm_dynamic_threshold,SMAP,D-12,4,1,0,0
lstm_dynamic_threshold,SMAP,D-13,0,1,0,0
lstm_dynamic_threshold,SMAP,D-13,1,1,0,0
lstm_dynamic_threshold,SMAP,D-13,2,1,0,0
lstm_dynamic_threshold,SMAP,D-13,3,1,0,0
lstm_dynamic_threshold,SMAP,D-13,4,1,0,0
lstm_dynamic_threshold,SMAP,D-2,0,1,0,0
lstm_dynamic_threshold,SMAP,D-2,1,1,0,0
lstm_dynamic_threshold,SMAP,D-2,2,1,0,0
lstm_dynamic_threshold,SMAP,D-2,3,1,0,0
lstm_dynamic_threshold,SMAP,D-2,4,1,0,0
lstm_dynamic_threshold,SMAP,D-3,0,1,0,0
lstm_dynamic_threshold,SMAP,D-3,1,1,0,0
lstm_dynamic_threshold,SMAP,D-3,2,1,0,0
lstm_dynamic_threshold,SMAP,D-3,3,1,0,0
lstm_dynamic_threshold,SMAP,D-3,4,1,1,0
lstm_dynamic_threshold,SMAP,D-4,0,1,2,0
lstm_dynamic_threshold,SMAP,D-4,1,1,2,0
lstm_dynamic_threshold,SMAP,D-4,2,1,0,0
lstm_dynamic_threshold,SMAP,D-4,3,1,0,0
lstm_dynamic_threshold,SMAP,D-4,4,1,0,0
lstm_dynamic_threshold,SMAP,D-5,0,0,0,1
lstm_dynamic_threshold,SMAP,D-5,1,0,0,1
lstm_dynamic_threshold,SMAP,D-5,2,0,0,1
lstm_dynamic_threshold,SMAP,D-5,3,0,0,1
lstm_dynamic_threshold,SMAP,D-5,4,0,0,1
lstm_dynamic_threshold,SMAP,D-6,0,1,1,0
lstm_dynamic_threshold,SMAP,D-6,1,1,1,0
lstm_dynamic_threshold,SMAP,D-6,2,1,0,0
lstm_dynamic_threshold,SMAP,D-6,3,1,1,0
lstm_dynamic_threshold,SMAP,D-6,4,1,1,0
lstm_dynamic_threshold,SMAP,D-7,0,1,0,0
lstm_dynamic_threshold,SMAP,D-7,1,1,0,0
lstm_dynamic_threshold,SMAP,D-7,2,1,0,0
lstm_dynamic_threshold,SMAP,D-7,3,1,0,0
lstm_dynamic_threshold,SMAP,D-7,4,1,0,0
lstm_dynamic_threshold,SMAP,D-8,0,1,1,0
lstm_dynamic_threshold,SMAP,D-8,1,1,1,0
lstm_dynamic_threshold,SMAP,D-8,2,1,0,0
lstm_dynamic_threshold,SMAP,D-8,3,1,1,0
lstm_dynamic_threshold,SMAP,D-8,4,1,0,0
lstm_dynamic_threshold,SMAP,D-9,0,1,0,0
lstm_dynamic_threshold,SMAP,D-9,1,1,0,0
lstm_dynamic_threshold,SMAP,D-9,2,1,0,0
lstm_dynamic_threshold,SMAP,D-9,3,1,0,0
lstm_dynamic_threshold,SMAP,D-9,4,1,0,0
lstm_dynamic_threshold,SMAP,E-1,0,2,1,0
lstm_dynamic_threshold,SMAP,E-1,1,2,1,0
lstm_dynamic_threshold,SMAP,E-1,2,2,1,0
lstm_dynamic_threshold,SMAP,E-1,3,2,0,0
lstm_dynamic_threshold,SMAP,E-1,4,2,1,0
lstm_dynamic_threshold,SMAP,E-10,0,2,0,0
lstm_dynamic_threshold,SMAP,E-10,1,2,1,0
lstm_dynamic_threshold,SMAP,E-10,2,2,0,0
lstm_dynamic_threshold,SMAP,E-10,3,2,1,0
lstm_dynamic_threshold,SMAP,E-10,4,2,0,0
lstm_dynamic_threshold,SMAP,E-11,0,2,1,0
lstm_dynamic_threshold,SMAP,E-11,1,2,1,0
lstm_dynamic_threshold,SMAP,E-11,2,2,1,0
lstm_dynamic_threshold,SMAP,E-11,3,2,1,0
lstm_dynamic_threshold,SMAP,E-11,4,2,1,0
lstm_dynamic_threshold,SMAP,E-12,0,1,1,1
lstm_dynamic_threshold,SMAP,E-12,1,1,1,1
lstm_dynamic_threshold,SMAP,E-12,2,1,1,1
lstm_dynamic_threshold,SMAP,E-12,3,1,1,1
lstm_dynamic_threshold,SMAP,E-12,4,1,1,1
lstm_dynamic_threshold,SMAP,E-13,0,1,1,2
lstm_dynamic_threshold,SMAP,E-13,1,1,1,2
lstm_dynamic_threshold,SMAP,E-13,2,1,0,2
lstm_dynamic_threshold,SMAP,E-13,3,1,1,2
lstm_dynamic_threshold,SMAP,E-13,4,1,1,2
lstm_dynamic_threshold,SMAP,E-2,0,1,2,0
lstm_dynamic_threshold,SMAP,E-2,1,1,1,0
lstm_dynamic_threshold,SMAP,E-2,2,1,1,0
lstm_dynamic_threshold,SMAP,E-2,3,1,1,0
lstm_dynamic_threshold,SMAP,E-2,4,1,1,0
lstm_dynamic_threshold,SMAP,E-3,0,1,0,0
lstm_dynamic_threshold,SMAP,E-3,1,1,0,0
lstm_dynamic_threshold,SMAP,E-3,2,1,0,0
lstm_dynamic_threshold,SMAP,E-3,3,1,0,0
lstm_dynamic_threshold,SMAP,E-3,4,1,0,0
lstm_dynamic_threshold,SMAP,E-4,0,1,1,0
lstm_dynamic_threshold,SMAP,E-4,1,0,1,1
lstm_dynamic_threshold,SMAP,E-4,2,1,1,0
lstm_dynamic_threshold,SMAP,E-4,3,1,1,0
lstm_dynamic_threshold,SMAP,E-4,4,0,1,1
lstm_dynamic_threshold,SMAP,E-5,0,1,0,0
lstm_dynamic_threshold,SMAP,E-5,1,1,0,0
lstm_dynamic_threshold,SMAP,E-5,2,1,0,0
lstm_dynamic_threshold,SMAP,E-5,3,1,0,0
lstm_dynamic_threshold,SMAP,E-5,4,1,0,0
lstm_dynamic_threshold,SMAP,E-6,0,1,2,0
lstm_dynamic_threshold,SMAP,E-6,1,1,2,0
lstm_dynamic_threshold,SMAP,E-6,2,1,2,0
lstm_dynamic_threshold,SMAP,E-6,3,1,2,0
lstm_dynamic_threshold,SMAP,E-6,4,1,2,0
lstm_dynamic_threshold,SMAP,E-7,0,1,1,0
lstm_dynamic_threshold,SMAP,E-7,1,1,1,0
lstm_dynamic_threshold,SMAP,E-7,2,1,1,0
lstm_dynamic_threshold,SMAP,E-7,3,1,1,0
lstm_dynamic_threshold,SMAP,E-7,4,1,1,0
lstm_dynamic_threshold,SMAP,E-8,0,1,0,0
lstm_dynamic_threshold,SMAP,E-8,1,1,1,0
lstm_dynamic_threshold,SMAP,E-8,2,1,1,0
lstm_dynamic_threshold,SMAP,E-8,3,1,1,0
lstm_dynamic_threshold,SMAP,E-8,4,1,1,0
lstm_dynamic_threshold,SMAP,E-9,0,1,0,0
lstm_dynamic_threshold,SMAP,E-9,1,1,0,0
lstm_dynamic_threshold,SMAP,E-9,2,1,0,0
lstm_dynamic_threshold,SMAP,E-9,3,1,0,0
lstm_dynamic_threshold,SMAP,E-9,4,1,0,0
lstm_dynamic_threshold,SMAP,F-1,0,0,1,1
lstm_dynamic_threshold,SMAP,F-1,1,0,1,1
lstm_dynamic_threshold,SMAP,F-1,2,0,1,1
lstm_dynamic_threshold,SMAP,F-1,3,0,1,1
lstm_dynamic_threshold,SMAP,F-1,4,0,1,1
lstm_dynamic_threshold,SMAP,F-2,0,1,0,0
lstm_dynamic_threshold,SMAP,F-2,1,1,0,0
lstm_dynamic_threshold,SMAP,F-2,2,1,0,0
lstm_dynamic_threshold,SMAP,F-2,3,1,0,0
lstm_dynamic_threshold,SMAP,F-2,4,1,0,0
lstm_dynamic_threshold,SMAP,F-3,0,1,0,0
lstm_dynamic_threshold,SMAP,F-3,1,0,0,1
lstm_dynamic_threshold,SMAP,F-3,2,0,0,1
lstm_dynamic_threshold,SMAP,F-3,3,1,0,0
lstm_dynamic_threshold,SMAP,F-3,4,0,0,1
lstm_dynamic_threshold,SMAP,G-1,0,0,0,1
lstm_dynamic_threshold,SMAP,G-1,1,0,0,1
lstm_dynamic_threshold,SMAP,G-1,2,0,0,1
lstm_dynamic_threshold,SMAP,G-1,3,0,1,1
lstm_dynamic_threshold,SMAP,G-1,4,0,1,1
lstm_dynamic_threshold,SMAP,G-2,0,1,1,0
lstm_dynamic_threshold,SMAP,G-2,1,1,0,0
lstm_dynamic_threshold,SMAP,G-2,2,1,0,0
lstm_dynamic_threshold,SMAP,G-2,3,1,0,0
lstm_dynamic_threshold,SMAP,G-2,4,1,0,0
lstm_dynamic_threshold,SMAP,G-3,0,1,1,0
lstm_dynamic_threshold,SMAP,G-3,1,1,1,0
lstm_dynamic_threshold,SMAP,G-3,2,1,1,0
lstm_dynamic_threshold,SMAP,G-3,3,1,1,0
lstm_dynamic_threshold,SMAP,G-3,4,1,1,0
lstm_dynamic_threshold,SMAP,G-4,0,1,0,0
lstm_dynamic_threshold,SMAP,G-4,1,1,0,0
lstm_dynamic_threshold,SMAP,G-4,2,1,0,0
lstm_dynamic_threshold,SMAP,G-4,3,1,0,0
lstm_dynamic_threshold,SMAP,G-4,4,1,0,0
lstm_dynamic_threshold,SMAP,G-6,0,1,0,0
lstm_dynamic_threshold,SMAP,G-6,1,1,0,0
lstm_dynamic_threshold,SMAP,G-6,2,1,1,0
lstm_dynamic_threshold,SMAP,G-6,3,1,0,0
lstm_dynamic_threshold,SMAP,G-6,4,1,0,0
lstm_dynamic_threshold,SMAP,G-7,0,3,0,0
lstm_dynamic_threshold,SMAP,G-7,1,3,0,0
lstm_dynamic_threshold,SMAP,G-7,2,3,0,0
lstm_dynamic_threshold,SMAP,G-7,3,3,1,0
lstm_dynamic_threshold,SMAP,G-7,4,3,1,0
lstm_dynamic_threshold,SMAP,P-1,0,0,1,3
lstm_dynamic_threshold,SMAP,P-1,1,0,1,3
lstm_dynamic_threshold,SMAP,P-1,2,0,1,3
lstm_dynamic_threshold,SMAP,P-1,3,0,1,3
lstm_dynamic_threshold,SMAP,P-1,4,0,1,3
lstm_dynamic_threshold,SMAP,P-3,0,1,0,0
lstm_dynamic_threshold,SMAP,P-3,1,1,1,0
lstm_dynamic_threshold,SMAP,P-3,2,1,0,0
lstm_dynamic_threshold,SMAP,P-3,3,1,0,0
lstm_dynamic_threshold,SMAP,P-3,4,1,0,0
lstm_dynamic_threshold,SMAP,P-4,0,3,1,0
lstm_dynamic_threshold,SMAP,P-4,1,3,1,0
lstm_dynamic_threshold,SMAP,P-4,2,3,0,0
lstm_dynamic_threshold,SMAP,P-4,3,3,1,0
lstm_dynamic_threshold,SMAP,P-4,4,3,1,0
lstm_dynamic_threshold,SMAP,P-7,0,1,1,0
lstm_dynamic_threshold,SMAP,P-7,1,1,1,0
lstm_dynamic_threshold,SMAP,P-7,2,1,1,0
lstm_dynamic_threshold,SMAP,P-7,3,1,1,0
lstm_dynamic_threshold,SMAP,P-7,4,1,1,0
lstm_dynamic_threshold,SMAP,R-1,0,1,0,0
lstm_dynamic_threshold,SMAP,R-1,1,1,0,0
lstm_dynamic_threshold,SMAP,R-1,2,1,0,0
lstm_dynamic_threshold,SMAP,R-1,3,1,0,0
lstm_dynamic_threshold,SMAP,R-1,4,1,0,0
lstm_dynamic_threshold,SMAP,S-1,0,1,0,0
lstm_dynamic_threshold,SMAP,S-1,1,1,0,0
lstm_dynamic_threshold,SMAP,S-1,2,1,0,0
lstm_dynamic_threshold,SMAP,S-1,3,1,0,0
lstm_dynamic_threshold,SMAP,S-1,4,1,0,0
lstm_dynamic_threshold,SMAP,T-1,0,1,0,1
lstm_dynamic_threshold,SMAP,T-1,1,0,1,2
lstm_dynamic_threshold,SMAP,T-1,2,1,0,1
lstm_dynamic_threshold,SMAP,T-1,3,1,0,1
lstm_dynamic_threshold,SMAP,T-1,4,1,0,1
lstm_dynamic_threshold,SMAP,T-2,0,0,1,1
lstm_dynamic_threshold,SMAP,T-2,1,0,1,1
lstm_dynamic_threshold,SMAP,T-2,2,0,1,1
lstm_dynamic_threshold,SMAP,T-2,3,0,1,1
lstm_dynamic_threshold,SMAP,T-2,4,0,1,1
lstm_dynamic_threshold,SMAP,T-3,0,2,2,0
lstm_dynamic_threshold,SMAP,T-3,1,2,3,0
lstm_dynamic_threshold,SMAP,T-3,2,2,3,0
lstm_dynamic_threshold,SMAP,T-3,3,2,2,0
lstm_dynamic_threshold,SMAP,T-3,4,2,2,0
lstm_dynamic_threshold,SMD,machine-1-1,1,2,3,6
lstm_dynamic_threshold,SMD,machine-1-1,2,1,5,7
lstm_dynamic_threshold,SMD,machine-1-1,3,1,5,7
lstm_dynamic_threshold,SMD,machine-1-2,1,0,2,10
lstm_dynamic_threshold,SMD,machine-1-2,2,0,2,10
lstm_dynamic_threshold,SMD,machine-1-2,3,2,1,8
lstm_dynamic_threshold,SMD,machine-1-3,1,3,3,9
lstm_dynamic_threshold,SMD,machine-1-3,2,3,3,9
lstm_dynamic_threshold,SMD,machine-1-3,3,2,3,10
lstm_dynamic_threshold,SMD,machine-1-4,1,3,3,9
lstm_dynamic_threshold,SMD,machine-1-4,2,3,3,9
lstm_dynamic_threshold,SMD,machine-1-4,3,4,2,8
lstm_dynamic_threshold,SMD,machine-1-5,1,4,0,3
lstm_dynamic_threshold,SMD,machine-1-5,2,4,0,3
lstm_dynamic_threshold,SMD,machine-1-5,3,4,0,3
lstm_dynamic_threshold,SMD,machine-1-6,1,1,0,29
lstm_dynamic_threshold,SMD,machine-1-6,2,1,0,29
lstm_dynamic_threshold,SMD,machine-1-6,3,1,0,29
lstm_dynamic_threshold,SMD,machine-1-7,1,5,0,8
lstm_dynamic_threshold,SMD,machine-1-7,2,4,0,9
lstm_dynamic_threshold,SMD,machine-1-7,3,4,0,9
lstm_dynamic_threshold,SMD,machine-1-8,1,3,3,17
lstm_dynamic_threshold,SMD,machine-1-8,2,4,3,16
lstm_dynamic_threshold,SMD,machine-1-8,3,3,2,17
lstm_dynamic_threshold,SMD,machine-2-1,1,0,0,13
lstm_dynamic_threshold,SMD,machine-2-1,2,0,0,13
lstm_dynamic_threshold,SMD,machine-2-1,3,0,0,13
lstm_dynamic_threshold,SMD,machine-2-2,1,4,0,7
lstm_dynamic_threshold,SMD,machine-2-2,2,4,0,7
lstm_dynamic_threshold,SMD,machine-2-2,3,4,0,7
lstm_dynamic_threshold,SMD,machine-2-3,1,5,1,5
lstm_dynamic_threshold,SMD,machine-2-3,2,5,1,5
lstm_dynamic_threshold,SMD,machine-2-3,3,5,1,5
lstm_dynamic_threshold,SMD,machine-2-4,1,4,1,16
lstm_dynamic_threshold,SMD,machine-2-4,2,4,1,16
lstm_dynamic_threshold,SMD,machine-2-4,3,2,0,18
lstm_dynamic_threshold,SMD,machine-2-5,1,2,1,19
lstm_dynamic_threshold,SMD,machine-2-5,2,2,1,19
lstm_dynamic_threshold,SMD,machine-2-5,3,4,3,17
lstm_dynamic_threshold,SMD,machine-2-6,1,0,1,8
lstm_dynamic_threshold,SMD,machine-2-6,2,0,1,8
lstm_dynamic_threshold,SMD,machine-2-6,3,0,1,8
lstm_dynamic_threshold,SMD,machine-2-7,1,1,3,19
lstm_dynamic_threshold,SMD,machine-2-7,2,2,3,18
lstm_dynamic_threshold,SMD,machine-2-7,3,1,6,19
lstm_dynamic_threshold,SMD,machine-2-8,1,1,3,0
lstm_dynamic_threshold,SMD,machine-2-8,2,1,0,0
lstm_dynamic_threshold,SMD,machine-2-8,3,1,1,0
lstm_dynamic_threshold,SMD,machine-2-9,1,4,3,6
lstm_dynamic_threshold,SMD,machine-2-9,2,4,1,6
lstm_dynamic_threshold,SMD,machine-2-9,3,3,1,7
lstm_dynamic_threshold,SMD,machine-3-1,1,1,3,3
lstm_dynamic_threshold,SMD,machine-3-1,2,1,5,3
lstm_dynamic_threshold,SMD,machine-3-1,3,1,5,3
lstm_dynamic_threshold,SMD,machine-3-10,1,0,2,13
lstm_dynamic_threshold,SMD,machine-3-10,2,0,2,13
lstm_dynamic_threshold,SMD,machine-3-10,3,0,2,13
lstm_dynamic_threshold,SMD,machine-3-11,1,0,2,3
lstm_dynamic_threshold,SMD,machine-3-11,2,0,2,3
lstm_dynamic_threshold,SMD,machine-3-11,3,0,1,3
lstm_dynamic_threshold,SMD,machine-3-2,1,0,1,10
lstm_dynamic_threshold,SMD,machine-3-2,2,0,3,10
lstm_dynamic_threshold,SMD,machine-3-2,3,0,0,10
lstm_dynamic_threshold,SMD,machine-3-3,1,1,2,25
lstm_dynamic_threshold,SMD,machine-3-3,2,1,2,25
lstm_dynamic_threshold,SMD,machine-3-3,3,1,2,25
lstm_dynamic_threshold,SMD,machine-3-4,1,2,0,6
lstm_dynamic_threshold,SMD,machine-3-4,2,1,0,7
lstm_dynamic_threshold,SMD,machine-3-4,3,1,0,7
lstm_dynamic_threshold,SMD,machine-3-5,1,2,0,9
lstm_dynamic_threshold,SMD,machine-3-5,2,3,0,8
lstm_dynamic_threshold,SMD,machine-3-5,3,2,0,9
lstm_dynamic_threshold,SMD,machine-3-6,1,3,1,8
lstm_dynamic_threshold,SMD,machine-3-6,2,3,1,8
lstm_dynamic_threshold,SMD,machine-3-6,3,3,1,8
lstm_dynamic_threshold,SMD,machine-3-7,1,0,2,5
lstm_dynamic_threshold,SMD,machine-3-7,2,1,0,4
lstm_dynamic_threshold,SMD,machine-3-7,3,0,1,5
lstm_dynamic_threshold,SMD,machine-3-8,1,2,2,4
lstm_dynamic_threshold,SMD,machine-3-8,2,2,2,4
lstm_dynamic_threshold,SMD,machine-3-8,3,2,1,4
lstm_dynamic_threshold,SMD,machine-3-9,1,1,4,3
lstm_dynamic_threshold,SMD,machine-3-9,2,1,3,3
lstm_dynamic_threshold,SMD,machine-3-9,3,1,5,3
vae,MSL,C-1,0,1,1,1
vae,MSL,C-1,1,0,0,2
vae,MSL,C-1,2,1,0,1
vae,MSL,C-1,3,0,0,2
vae,MSL,C-1,4,1,0,1
vae,MSL,C-2,0,0,0,2
vae,MSL,C-2,1,0,0,2
vae,MSL,C-2,2,0,0,2
vae,MSL,C-2,3,0,0,2
vae,MSL,C-2,4,0,0,2
vae,MSL,D-14,0,1,1,1
vae,MSL,D-14,1,1,1,1
vae,MSL,D-14,2,2,0,0
vae,MSL,D-14,3,1,1,1
vae,MSL,D-14,4,2,1,0
vae,MSL,D-15,0,0,0,1
vae,MSL,D-15,1,0,0,1
vae,MSL,D-15,2,0,0,1
vae,MSL,D-15,3,0,0,1
vae,MSL,D-15,4,0,0,1
vae,MSL,D-16,0,1,0,0
vae,MSL,D-16,1,1,0,0
vae,MSL,D-16,2,1,0,0
vae,MSL,D-16,3,1,0,0
vae,MSL,D-16,4,1,0,0
vae,MSL,F-4,0,0,3,1
vae,MSL,F-4,1,0,2,1
vae,MSL,F-4,2,0,2,1
vae,MSL,F-4,3,0,2,1
vae,MSL,F-4,4,0,1,1
vae,MSL,F-5,0,1,2,0
vae,MSL,F-5,1,1,0,0
vae,MSL,F-5,2,1,2,0
vae,MSL,F-5,3,1,0,0
vae,MSL,F-5,4,1,1,0
vae,MSL,F-7,0,0,0,3
vae,MSL,F-7,1,0,0,3
vae,MSL,F-7,2,0,0,3
vae,MSL,F-7,3,0,0,3
vae,MSL,F-7,4,0,0,3
vae,MSL,F-8,0,1,3,0
vae,MSL,F-8,1,1,2,0
vae,MSL,F-8,2,1,3,0
vae,MSL,F-8,3,1,3,0
vae,MSL,F-8,4,1,2,0
vae,MSL,M-1,0,1,1,0
vae,MSL,M-1,1,1,1,0
vae,MSL,M-1,2,1,1,0
vae,MSL,M-1,3,1,1,0
vae,MSL,M-1,4,1,1,0
vae,MSL,M-2,0,0,0,1
vae,MSL,M-2,1,0,0,1
vae,MSL,M-2,2,0,0,1
vae,MSL,M-2,3,0,0,1
vae,MSL,M-2,4,1,0,0
vae,MSL,M-3,0,0,0,1
vae,MSL,M-3,1,1,0,0
vae,MSL,M-3,2,0,0,1
vae,MSL,M-3,3,0,0,1
vae,MSL,M-3,4,0,1,1
vae,MSL,M-4,0,0,1,1
vae,MSL,M-4,1,0,1,1
vae,MSL,M-4,2,0,0,1
vae,MSL,M-4,3,0,1,1
vae,MSL,M-4,4,0,1,1
vae,MSL,M-5,0,0,0,1
vae,MSL,M-5,1,0,0,1
vae,MSL,M-5,2,0,0,1
vae,MSL,M-5,3,0,0,1
vae,MSL,M-5,4,0,0,1
vae,MSL,M-6,0,1,2,0
vae,MSL,M-6,1,1,2,0
vae,MSL,M-6,2,1,2,0
vae,MSL,M-6,3,1,3,0
vae,MSL,M-6,4,1,1,0
vae,MSL,M-7,0,1,2,0
vae,MSL,M-7,1,1,4,0
vae,MSL,M-7,2,1,1,0
vae,MSL,M-7,3,1,1,0
vae,MSL,M-7,4,1,1,0
vae,MSL,P-10,0,1,0,0
vae,MSL,P-10,1,1,0,0
vae,MSL,P-10,2,1,0,0
vae,MSL,P-10,3,1,0,0
vae,MSL,P-10,4,1,0,0
vae,MSL,P-11,0,1,0,1
vae,MSL,P-11,1,1,0,1
vae,MSL,P-11,2,1,0,1
vae,MSL,P-11,3,1,0,1
vae,MSL,P-11,4,1,0,1
vae,MSL,P-14,0,1,0,0
vae,MSL,P-14,1,1,0,0
vae,MSL,P-14,2,1,0,0
vae,MSL,P-14,3,1,0,0
vae,MSL,P-14,4,1,0,0
vae,MSL,P-15,0,1,1,0
vae,MSL,P-15,1,1,1,0
vae,MSL,P-15,2,1,2,0
vae,MSL,P-15,3,1,2,0
vae,MSL,P-15,4,1,1,0
vae,MSL,S-2,0,1,2,0
vae,MSL,S-2,1,1,1,0
vae,MSL,S-2,2,1,2,0
vae,MSL,S-2,3,1,1,0
vae,MSL,S-2,4,1,1,0
vae,MSL,T-12,0,1,2,0
vae,MSL,T-12,1,0,2,1
vae,MSL,T-12,2,1,2,0
vae,MSL,T-12,3,1,2,0
vae,MSL,T-12,4,0,2,1
vae,MSL,T-13,0,1,1,1
vae,MSL,T-13,1,1,1,1
vae,MSL,T-13,2,1,1,1
vae,MSL,T-13,3,1,1,1
vae,MSL,T-13,4,0,1,2
vae,MSL,T-4,0,0,0,1
vae,MSL,T-4,1,0,0,1
vae,MSL,T-4,2,0,0,1
vae,MSL,T-4,3,0,0,1
vae,MSL,T-4,4,0,1,1
vae,MSL,T-5,0,1,1,0
vae,MSL,T-5,1,1,1,0
vae,MSL,T-5,2,1,1,0
vae,MSL,T-5,3,1,1,0
vae,MSL,T-5,4,1,2,0
vae,MSL,T-8,0,2,1,0
vae,MSL,T-8,1,2,1,0
vae,MSL,T-8,2,2,1,0
vae,MSL,T-8,3,2,1,0
vae,MSL,T-8,4,2,1,0
vae,MSL,T-9,0,1,1,1
vae,MSL,T-9,1,1,1,1
vae,MSL,T-9,2,1,1,1
vae,MSL,T-9,3,1,1,1
vae,MSL,T-9,4,1,1,1
vae,SMAP,A-1,0,1,1,0
vae,SMAP,A-1,1,1,1,0
vae,SMAP,A-1,2,1,1,0
vae,SMAP,A-1,3,1,1,0
vae,SMAP,A-1,4,1,1,0
vae,SMAP,A-2,0,1,0,0
vae,SMAP,A-2,1,1,0,0
vae,SMAP,A-2,2,1,1,0
vae,SMAP,A-2,3,1,0,0
vae,SMAP,A-2,4,1,1,0
vae,SMAP,A-3,0,1,1,0
vae,SMAP,A-3,1,1,1,0
vae,SMAP,A-3,2,1,1,0
vae,SMAP,A-3,3,1,1,0
vae,SMAP,A-3,4,1,1,0
vae,SMAP,A-4,0,1,0,0
vae,SMAP,A-4,1,1,0,0
vae,SMAP,A-4,2,1,0,0
vae,SMAP,A-4,3,1,0,0
vae,SMAP,A-4,4,1,0,0
vae,SMAP,A-5,0,1,1,0
vae,SMAP,A-5,1,1,1,0
vae,SMAP,A-5,2,1,1,0
vae,SMAP,A-5,3,1,1,0
vae,SMAP,A-5,4,1,1,0
vae,SMAP,A-6,0,1,0,0
vae,SMAP,A-6,1,1,0,0
vae,SMAP,A-6,2,1,0,0
vae,SMAP,A-6,3,1,0,0
vae,SMAP,A-6,4,1,0,0
vae,SMAP,A-7,0,0,0,1
vae,SMAP,A-7,1,0,0,1
vae,SMAP,A-7,2,0,0,1
vae,SMAP,A-7,3,0,0,1
vae,SMAP,A-7,4,0,0,1
vae,SMAP,A-8,0,1,1,0
vae,SMAP,A-8,1,1,1,0
vae,SMAP,A-8,2,1,1,0
vae,SMAP,A-8,3,1,1,0
vae,SMAP,A-8,4,1,1,0
vae,SMAP,A-9,0,1,0,0
vae,SMAP,A-9,1,1,0,0
vae,SMAP,A-9,2,1,0,0
vae,SMAP,A-9,3,1,0,0
vae,SMAP,A-9,4,1,0,0
vae,SMAP,B-1,0,1,2,0
vae,SMAP,B-1,1,0,2,1
vae,SMAP,B-1,2,1,2,0
vae,SMAP,B-1,3,0,2,1
vae,SMAP,B-1,4,0,2,1
vae,SMAP,D-1,0,1,0,0
vae,SMAP,D-1,1,1,1,0
vae,SMAP,D-1,2,1,2,0
vae,SMAP,D-1,3,1,0,0
vae,SMAP,D-1,4,1,0,0
vae,SMAP,D-11,0,1,0,0
vae,SMAP,D-11,1,1,1,0
vae,SMAP,D-11,2,1,1,0
vae,SMAP,D-11,3,1,0,0
vae,SMAP,D-11,4,1,1,0
vae,SMAP,D-12,0,1,1,0
vae,SMAP,D-12,1,1,1,0
vae,SMAP,D-12,2,1,1,0
vae,SMAP,D-12,3,1,1,0
vae,SMAP,D-12,4,1,1,0
vae,SMAP,D-13,0,0,2,1
vae,SMAP,D-13,1,0,2,1
vae,SMAP,D-13,2,0,2,1
vae,SMAP,D-13,3,1,2,0
vae,SMAP,D-13,4,1,2,0
vae,SMAP,D-2,0,1,1,0
vae,SMAP,D-2,1,1,2,0
vae,SMAP,D-2,2,1,1,0
vae,SMAP,D-2,3,1,1,0
vae,SMAP,D-2,4,1,1,0
vae,SMAP,D-3,0,1,1,0
vae,SMAP,D-3,1,1,0,0
vae,SMAP,D-3,2,1,0,0
vae,SMAP,D-3,3,1,0,0
vae,SMAP,D-3,4,1,0,0
vae,SMAP,D-4,0,1,0,0
vae,SMAP,D-4,1,1,1,0
vae,SMAP,D-4,2,1,1,0
vae,SMAP,D-4,3,1,0,0
vae,SMAP,D-4,4,1,2,0
vae,SMAP,D-5,0,0,0,1
vae,SMAP,D-5,1,0,0,1
vae,SMAP,D-5,2,0,0,1
vae,SMAP,D-5,3,0,0,1
vae,SMAP,D-5,4,0,0,1
vae,SMAP,D-6,0,1,0,0
vae,SMAP,D-6,1,1,0,0
vae,SMAP,D-6,2,1,2,0
vae,SMAP,D-6,3,1,2,0
vae,SMAP,D-6,4,1,1,0
vae,SMAP,D-7,0,1,1,0
vae,SMAP,D-7,1,1,1,0
vae,SMAP,D-7,2,1,1,0
vae,SMAP,D-7,3,1,1,0
vae,SMAP,D-7,4,1,1,0
vae,SMAP,D-8,0,1,1,0
vae,SMAP,D-8,1,1,1,0
vae,SMAP,D-8,2,1,1,0
vae,SMAP,D-8,3,1,1,0
vae,SMAP,D-8,4,1,1,0
vae,SMAP,D-9,0,0,1,1
vae,SMAP,D-9,1,1,1,0
vae,SMAP,D-9,2,0,2,1
vae,SMAP,D-9,3,0,1,1
vae,SMAP,D-9,4,0,1,1
vae,SMAP,E-1,0,2,1,0
vae,SMAP,E-1,1,2,1,0
vae,SMAP,E-1,2,2,1,0
vae,SMAP,E-1,3,2,1,0
vae,SMAP,E-1,4,2,1,0
vae,SMAP,E-10,0,2,1,0
vae,SMAP,E-10,1,2,1,0
vae,SMAP,E-10,2,2,0,0
vae,SMAP,E-10,3,1,1,1
vae,SMAP,E-10,4,2,0,0
vae,SMAP,E-11,0,2,0,0
vae,SMAP,E-11,1,2,0,0
vae,SMAP,E-11,2,2,0,0
vae,SMAP,E-11,3,2,0,0
vae,SMAP,E-11,4,2,1,0
vae,SMAP,E-12,0,2,0,0
vae,SMAP,E-12,1,1,1,1
vae,SMAP,E-12,2,1,1,1
vae,SMAP,E-12,3,2,1,0
vae,SMAP,E-12,4,1,1,1
vae,SMAP,E-13,0,0,0,3
vae,SMAP,E-13,1,1,0,2
vae,SMAP,E-13,2,0,0,3
vae,SMAP,E-13,3,0,0,3
vae,SMAP,E-13,4,1,0,2
vae,SMAP,E-2,0,1,2,0
vae,SMAP,E-2,1,1,0,0
vae,SMAP,E-2,2,1,1,0
vae,SMAP,E-2,3,1,1,0
vae,SMAP,E-2,4,1,0,0
vae,SMAP,E-3,0,1,1,0
vae,SMAP,E-3,1,1,0,0
vae,SMAP,E-3,2,1,1,0
vae,SMAP,E-3,3,1,1,0
vae,SMAP,E-3,4,1,0,0
vae,SMAP,E-4,0,0,0,1
vae,SMAP,E-4,1,0,1,1
vae,SMAP,E-4,2,0,1,1
vae,SMAP,E-4,3,0,0,1
vae,SMAP,E-4,4,0,0,1
vae,SMAP,E-5,0,0,1,1
vae,SMAP,E-5,1,0,0,1
vae,SMAP,E-5,2,1,0,0
vae,SMAP,E-5,3,0,1,1
vae,SMAP,E-5,4,0,0,1
vae,SMAP,E-6,0,1,0,0
vae,SMAP,E-6,1,1,0,0
vae,SMAP,E-6,2,1,0,0
vae,SMAP,E-6,3,1,0,0
vae,SMAP,E-6,4,1,0,0
vae,SMAP,E-7,0,1,0,0
vae,SMAP,E-7,1,1,1,0
vae,SMAP,E-7,2,1,0,0
vae,SMAP,E-7,3,1,0,0
vae,SMAP,E-7,4,1,0,0
vae,SMAP,E-8,0,1,1,0
vae,SMAP,E-8,1,1,0,0
vae,SMAP,E-8,2,1,1,0
vae,SMAP,E-8,3,1,1,0
vae,SMAP,E-8,4,1,0,0
vae,SMAP,E-9,0,0,0,1
vae,SMAP,E-9,1,0,0,1
vae,SMAP,E-9,2,0,0,1
vae,SMAP,E-9,3,0,0,1
vae,SMAP,E-9,4,1,1,0
vae,SMAP,F-1,0,0,1,1
vae,SMAP,F-1,1,0,1,1
vae,SMAP,F-1,2,0,0,1
vae,SMAP,F-1,3,0,0,1
vae,SMAP,F-1,4,0,0,1
vae,SMAP,F-2,0,1,0,0
vae,SMAP,F-2,1,1,0,0
vae,SMAP,F-2,2,1,0,0
vae,SMAP,F-2,3,1,0,0
vae,SMAP,F-2,4,1,0,0
vae,SMAP,F-3,0,0,1,1
vae,SMAP,F-3,1,0,1,1
vae,SMAP,F-3,2,0,1,1
vae,SMAP,F-3,3,0,1,1
vae,SMAP,F-3,4,0,1,1
vae,SMAP,G-1,0,0,1,1
vae,SMAP,G-1,1,0,1,1
vae,SMAP,G-1,2,0,1,1
vae,SMAP,G-1,3,0,1,1
vae,SMAP,G-1,4,0,1,1
vae,SMAP,G-2,0,1,1,0
vae,SMAP,G-2,1,1,1,0
vae,SMAP,G-2,2,1,1,0
vae,SMAP,G-2,3,1,2,0
vae,SMAP,G-2,4,1,1,0
vae,SMAP,G-3,0,1,2,0
vae,SMAP,G-3,1,1,2,0
vae,SMAP,G-3,2,1,2,0
vae,SMAP,G-3,3,1,2,0
vae,SMAP,G-3,4,1,2,0
vae,SMAP,G-4,0,1,0,0
vae,SMAP,G-4,1,1,0,0
vae,SMAP,G-4,2,1,0,0
vae,SMAP,G-4,3,1,0,0
vae,SMAP,G-4,4,1,0,0
vae,SMAP,G-6,0,1,1,0
vae,SMAP,G-6,1,1,1,0
vae,SMAP,G-6,2,1,1,0
vae,SMAP,G-6,3,1,1,0
vae,SMAP,G-6,4,1,1,0
vae,SMAP,G-7,0,3,0,0
vae,SMAP,G-7,1,3,0,0
vae,SMAP,G-7,2,3,0,0
vae,SMAP,G-7,3,3,0,0
vae,SMAP,G-7,4,3,0,0
vae,SMAP,P-1,0,0,1,3
vae,SMAP,P-1,1,0,0,3
vae,SMAP,P-1,2,0,0,3
vae,SMAP,P-1,3,0,0,3
vae,SMAP,P-1,4,0,0,3
vae,SMAP,P-3,0,1,0,0
vae,SMAP,P-3,1,1,0,0
vae,SMAP,P-3,2,1,0,0
vae,SMAP,P-3,3,1,0,0
vae,SMAP,P-3,4,1,0,0
vae,SMAP,P-4,0,3,0,0
vae,SMAP,P-4,1,3,0,0
vae,SMAP,P-4,2,3,0,0
vae,SMAP,P-4,3,3,0,0
vae,SMAP,P-4,4,3,0,0
vae,SMAP,P-7,0,1,1,0
vae,SMAP,P-7,1,1,1,0
vae,SMAP,P-7,2,1,1,0
vae,SMAP,P-7,3,1,1,0
vae,SMAP,P-7,4,1,2,0
vae,SMAP,R-1,0,1,1,0
vae,SMAP,R-1,1,1,1,0
vae,SMAP,R-1,2,1,1,0
vae,SMAP,R-1,3,1,0,0
vae,SMAP,R-1,4,1,1,0
vae,SMAP,S-1,0,1,0,0
vae,SMAP,S-1,1,1,0,0
vae,SMAP,S-1,2,1,0,0
vae,SMAP,S-1,3,0,0,1
vae,SMAP,S-1,4,1,0,0
vae,SMAP,T-1,0,0,0,2
vae,SMAP,T-1,1,0,0,2
vae,SMAP,T-1,2,0,0,2
vae,SMAP,T-1,3,0,0,2
vae,SMAP,T-1,4,0,0,2
vae,SMAP,T-2,0,0,1,1
vae,SMAP,T-2,1,0,1,1
vae,SMAP,T-2,2,0,1,1
vae,SMAP,T-2,3,0,1,1
vae,SMAP,T-2,4,0,1,1
vae,SMAP,T-3,0,2,0,0
vae,SMAP,T-3,1,2,0,0
vae,SMAP,T-3,2,2,0,0
vae,SMAP,T-3,3,2,0,0
vae,SMAP,T-3,4,2,0,0
vae,SMD,machine-1-1,1,2,5,6
vae,SMD,machine-1-1,2,2,5,6
vae,SMD,machine-1-1,3,2,3,6
vae,SMD,machine-1-2,1,0,2,10
vae,SMD,machine-1-2,2,0,2,10
vae,SMD,machine-1-2,3,0,2,10
vae,SMD,machine-1-3,1,3,4,9
vae,SMD,machine-1-3,2,2,2,10
vae,SMD,machine-1-3,3,2,2,10
vae,SMD,machine-1-4,1,1,2,11
vae,SMD,machine-1-4,2,2,2,10
vae,SMD,machine-1-4,3,1,1,11
vae,SMD,machine-1-5,1,4,0,3
vae,SMD,machine-1-5,2,4,0,3
vae,SMD,machine-1-5,3,3,0,4
vae,SMD,machine-1-6,1,1,0,29
vae,SMD,machine-1-6,2,1,0,29
vae,SMD,machine-1-6,3,1,0,29
vae,SMD,machine-1-7,1,5,0,8
vae,SMD,machine-1-7,2,4,0,9
vae,SMD,machine-1-7,3,5,0,8
vae,SMD,machine-1-8,1,2,2,18
vae,SMD,machine-1-8,2,2,2,18
vae,SMD,machine-1-8,3,2,2,18
vae,SMD,machine-2-1,1,0,0,13
vae,SMD,machine-2-1,2,0,0,13
vae,SMD,machine-2-1,3,1,0,12
vae,SMD,machine-2-2,1,4,1,7
vae,SMD,machine-2-2,2,3,3,8
vae,SMD,machine-2-2,3,4,0,7
vae,SMD,machine-2-3,1,4,0,6
vae,SMD,machine-2-3,2,4,0,6
vae,SMD,machine-2-3,3,3,1,7
vae,SMD,machine-2-4,1,3,2,17
vae,SMD,machine-2-4,2,3,0,17
vae,SMD,machine-2-4,3,3,1,17
vae,SMD,machine-2-5,1,5,0,16
vae,SMD,machine-2-5,2,4,1,17
vae,SMD,machine-2-5,3,6,0,15
vae,SMD,machine-2-6,1,2,1,6
vae,SMD,machine-2-6,2,2,0,6
vae,SMD,machine-2-6,3,1,1,7
vae,SMD,machine-2-7,1,2,1,18
vae,SMD,machine-2-7,2,2,0,18
vae,SMD,machine-2-7,3,2,1,18
vae,SMD,machine-2-8,1,1,2,0
vae,SMD,machine-2-8,2,1,2,0
vae,SMD,machine-2-8,3,1,1,0
vae,SMD,machine-2-9,1,2,3,8
vae,SMD,machine-2-9,2,4,1,6
vae,SMD,machine-2-9,3,4,3,6
vae,SMD,machine-3-1,1,2,4,2
vae,SMD,machine-3-1,2,2,2,2
vae,SMD,machine-3-1,3,2,2,2
vae,SMD,machine-3-10,1,2,0,11
vae,SMD,machine-3-10,2,2,2,11
vae,SMD,machine-3-10,3,2,0,11
vae,SMD,machine-3-11,1,1,2,2
vae,SMD,machine-3-11,2,3,3,0
vae,SMD,machine-3-11,3,0,3,3
vae,SMD,machine-3-2,1,0,1,10
vae,SMD,machine-3-2,2,0,1,10
vae,SMD,machine-3-2,3,0,1,10
vae,SMD,machine-3-3,1,1,2,25
vae,SMD,machine-3-3,2,1,2,25
vae,SMD,machine-3-3,3,1,2,25
vae,SMD,machine-3-4,1,1,0,7
vae,SMD,machine-3-4,2,1,0,7
vae,SMD,machine-3-4,3,1,1,7
vae,SMD,machine-3-5,1,1,1,10
vae,SMD,machine-3-5,2,2,1,9
vae,SMD,machine-3-5,3,1,1,10
vae,SMD,machine-3-6,1,3,1,8
vae,SMD,machine-3-6,2,5,0,6
vae,SMD,machine-3-6,3,6,0,5
vae,SMD,machine-3-7,1,2,2,3
vae,SMD,machine-3-7,2,2,1,3
vae,SMD,machine-3-7,3,1,2,4
vae,SMD,machine-3-8,1,2,3,4
vae,SMD,machine-3-8,2,2,4,4
vae,SMD,machine-3-8,3,2,4,4
vae,SMD,machine-3-9,1,2,3,2
vae,SMD,machine-3-9,2,2,2,2
vae,SMD,machine-3-9,3,2,4,2
